trans_period,DevelopmentRegion,RegionalDistrict,no_mkt_trans,no_resid_trans,no_resid_acreage_trans,resid_comm_count,no_resid_farm,no_resid_fam,no_res_1fam,no_resid_strata,no_resid_non_strata,no_resid_other,no_comm_tot,no_comm_comm,no_comm_strata_nores,no_comm_other,no_recr_tot,no_farm_tot,no_unkn_tot,sum_FMV,mn_FMV,md_FMV,sum_PPT_paid,md_PPT,no_foreign,sum_FMV_foreign,mn_FMV_foreign,md_FMV_foreign,add_tax_paid
2016-06-01,Cariboo,CARIBOO,296,243,81,3,11,6,130,7,,5,8,8,,,8,31,6,68816450,232488,215000,928439.28,2300,,,,,
2016-07-01,Cariboo,CARIBOO,230,214,77,3,5,1,119,8,,1,6,4,,2,8,2,,45903239,199579.3,174950,586470.75,1749.5,,,,,
2016-08-01,Cariboo,CARIBOO,209,192,60,1,2,1,119,7,,2,1,1,,,4,12,,43721579,209194.2,213500,557357.77,2270,,,,,
2016-09-01,Cariboo,CARIBOO,208,194,54,3,5,3,105,8,,16,6,4,,2,2,4,2,42175649,202767.5,165000,556078.36,1650,,,,,
2016-10-01,Cariboo,CARIBOO,166,158,41,,7,1,70,5,1,33,3,1,,2,3,,2,35497188,213838.5,187500,478197.09,1875,,,,,
2016-06-01,Cariboo,FRASER-FORT GEORGE,342,324,56,2,2,3,233,20,,8,15,12,,3,2,1,,97535901,285192.7,261750,1287802.09,3020,,,,,
2016-07-01,Cariboo,FRASER-FORT GEORGE,289,279,45,1,2,3,182,21,,25,5,5,,,4,1,,75992233,262948.9,240000,1018373.08,2580,,,,,
2016-08-01,Cariboo,FRASER-FORT GEORGE,278,265,50,1,1,1,189,17,,6,5,4,,1,5,1,2,71959637,258847.6,240000,979119.3,2780,,,,,
2016-09-01,Cariboo,FRASER-FORT GEORGE,255,248,29,6,1,1,169,26,,16,4,3,,1,3,,,65850157,258235.9,242000,843675.26,2680,,,,,
2016-10-01,Cariboo,FRASER-FORT GEORGE,256,241,46,1,4,1,146,8,,35,11,6,,5,,2,2,65294161,255055.3,243250,836407.11,2650,,,,,
2016-06-01,Kootenay,CENTRAL KOOTENAY,240,228,57,6,1,3,143,14,,4,10,9,,1,2,,,67478500,281160.4,247500,968570.9,2860,,,,,
2016-07-01,Kootenay,CENTRAL KOOTENAY,198,195,45,3,4,,132,10,,1,,,,,2,1,,48520754,245054.3,223786.3,651028.96,2425.725,,,,,
2016-08-01,Kootenay,CENTRAL KOOTENAY,183,173,34,4,,1,118,12,,4,6,6,,,2,,2,54322788,296845.8,269500,729179.78,3165,,,,,
2016-09-01,Kootenay,CENTRAL KOOTENAY,170,166,30,4,1,2,99,15,,15,1,1,,,3,,,47669300,280407.6,265625,649897.99,3100,,,,,
2016-10-01,Kootenay,CENTRAL KOOTENAY,180,168,19,2,1,,77,8,,61,2,2,,,7,2,1,52128342,289601.9,279275,631582.29,3145,,,,,
2016-06-01,Kootenay,EAST KOOTENAY,241,227,13,2,2,2,160,43,,5,8,6,,2,6,,,63501483,263491.6,230000,867009.13,2600,,,,,
2016-07-01,Kootenay,EAST KOOTENAY,184,168,8,1,2,2,118,28,,9,5,5,,,11,,,48381121,262940.9,242140,655515.79,2770,,,,,
2016-08-01,Kootenay,EAST KOOTENAY,169,157,7,,1,4,103,35,1,6,7,4,,3,3,1,1,55985018,331272.3,244500,870319.18,2580,,,,,
2016-09-01,Kootenay,EAST KOOTENAY,213,202,9,3,3,1,122,36,2,26,6,4,,2,4,,1,63734149,299221.4,252000,903845.47,3040,,,,,
2016-10-01,Kootenay,EAST KOOTENAY,206,191,14,1,,,119,26,1,30,5,4,,1,8,1,1,52387782,254309.6,225500,705243.09,2469,,,,,
2016-06-01,Kootenay,KOOTENAY BOUNDARY,150,144,21,2,2,,101,16,1,1,2,2,,,3,1,,33702632,224684.2,212500,432377.32,2160,,,,,
2016-07-01,Kootenay,KOOTENAY BOUNDARY,101,94,15,1,1,,65,10,,2,2,1,,1,5,,,22481030,222584.5,205000,289362.16,2100,,,,,
2016-08-01,Kootenay,KOOTENAY BOUNDARY,90,83,12,,,1,61,8,,1,7,7,,,,,,19267867,214087.4,169500,248353.67,1695,,,,,
2016-09-01,Kootenay,KOOTENAY BOUNDARY,86,77,3,,,,62,5,,7,7,4,,3,2,,,18939982,220232.3,181000,248459.27,1800,,,,,
2016-10-01,Kootenay,KOOTENAY BOUNDARY,79,74,6,1,,,56,,,11,3,2,,1,1,,1,14772131,186989,160000,173906.98,1572,,,,,
2016-06-01,Mainland/Southwest,FRASER VALLEY,1528,1496,54,12,33,4,929,390,4,70,16,12,1,3,9,7,,735688884,481471.8,425000,11470212.27,6000,83,38051253,458448.8,427000,
2016-07-01,Mainland/Southwest,FRASER VALLEY,1431,1385,43,2,19,6,862,370,8,75,27,19,2,6,13,6,,662586029,463023.1,424900,10069761,5900,46,24569461,534118.7,525000,
2016-08-01,Mainland/Southwest,FRASER VALLEY,1329,1293,51,14,25,3,771,368,3,58,18,11,2,5,8,7,3,676851868,509294.1,436000,10835277.79,6300,21,32658200,1555152.4,692000,
2016-09-01,Mainland/Southwest,FRASER VALLEY,1094,1052,36,5,19,2,526,272,1,191,17,8,5,4,13,10,2,530648608,485053.6,400000,8346487.63,5745,12,5284400,440366.7,466950,
2016-10-01,Mainland/Southwest,FRASER VALLEY,966,861,25,9,14,2,345,218,4,244,44,6,2,36,10,23,28,456049010,472100.4,380000,7057618.71,4735,14,11951331,853666.5,633000,
2016-06-01,Mainland/Southwest,METRO VANCOUVER,9292,9075,98,16,16,74,3852,3811,45,1163,193,72,80,41,4,13,7,10150393344,1092379.8,675950,203943484.4,11300,895,1071905731,1197660,756900,
2016-07-01,Mainland/Southwest,METRO VANCOUVER,9040,8886,71,19,25,74,3656,3764,42,1235,131,38,64,29,2,3,18,9240379155,1022165.8,682950,179087926.8,11424,1341,1760164317,1312575.9,802000,
2016-08-01,Mainland/Southwest,METRO VANCOUVER,7094,6948,68,23,26,57,2705,3109,52,908,127,33,67,27,3,9,7,6871639080,968655.1,651500,133693188.8,10989,62,64609977,1042096.4,602252,2342545
2016-09-01,Mainland/Southwest,METRO VANCOUVER,5868,5644,66,11,21,50,1807,2563,45,1081,204,104,54,46,6,10,4,6011563260,1024465.4,590000,127868827.4,9530,155,360114518,2323319.5,1100000,8906680
2016-10-01,Mainland/Southwest,METRO VANCOUVER,4839,4694,24,10,9,35,1071,1660,23,1862,124,21,38,65,3,2,16,3966672107,819729.7,510000,84947986.73,7980,143,116876142,817315.7,542000,13326867
2016-06-01,Mainland/Southwest,SQUAMISH-LILLOOET,331,294,13,3,1,,116,120,37,4,6,2,4,,30,,1,229769972,694169.1,490000,4296976.46,7800,,,,,
2016-07-01,Mainland/Southwest,SQUAMISH-LILLOOET,285,240,12,7,,2,88,93,19,19,31,1,29,1,12,2,,158488482,556099.9,421500,2632429.3,6243.4,,,,,
2016-08-01,Mainland/Southwest,SQUAMISH-LILLOOET,273,255,11,2,1,1,92,101,15,32,6,,5,1,5,6,1,196542294,719935.1,499000,3564641.01,7800,,,,,
2016-09-01,Mainland/Southwest,SQUAMISH-LILLOOET,270,251,13,,4,,67,109,38,20,7,3,2,2,10,,2,160493875,594421.8,429450,2783281.6,6580,,,,,
2016-10-01,Mainland/Southwest,SQUAMISH-LILLOOET,236,217,16,5,1,,55,68,26,46,6,1,1,4,13,,,137204808,581376.3,422637.5,2341976.1,6236.605,,,,,
2016-06-01,Mainland/Southwest,SUNSHINE COAST,266,250,29,,1,1,176,30,2,11,4,4,,,9,,3,118247734,444540.4,371500,1835309.17,5290,,,,,
2016-07-01,Mainland/Southwest,SUNSHINE COAST,217,209,28,2,,1,150,24,1,3,1,1,,,6,,1,102579582,472717,410000,1616141.99,5980,,,,,
2016-08-01,Mainland/Southwest,SUNSHINE COAST,142,142,6,2,,1,99,26,,8,,,,,,,,70591873,497125.9,399500,1055703.32,5540,,,,,
2016-09-01,Mainland/Southwest,SUNSHINE COAST,131,122,14,3,,,81,12,,12,5,3,,2,2,2,,76493227,583917.8,439300,1326727.71,6780,,,,,
2016-10-01,Mainland/Southwest,SUNSHINE COAST,75,72,6,,,,34,15,,17,,,,,1,1,1,36605332,488071.1,434500,580469.72,6590,,,,,
2016-06-01,Nechako & North Coast,BULKLEY-NECHAKO,131,119,50,,4,3,55,3,,4,5,4,,1,4,2,1,23066747,176082,145000,287574.86,1450,,,,,
2016-07-01,Nechako & North Coast,BULKLEY-NECHAKO,118,106,43,4,2,,54,,,3,5,5,,,1,5,1,19939065,168975.1,156500,244406.28,1490,,,,,
2016-08-01,Nechako & North Coast,BULKLEY-NECHAKO,112,109,36,8,3,,60,1,,1,1,1,,,1,,1,23697061,211580.9,195000,306936.64,1925,,,,,
2016-09-01,Nechako & North Coast,BULKLEY-NECHAKO,114,104,30,3,3,2,54,,,12,2,1,,1,1,4,3,19733152,173097.8,160000,240616.04,1600,,,,,
2016-10-01,Nechako & North Coast,BULKLEY-NECHAKO,71,64,13,,2,,39,,,10,4,1,,3,2,1,,15920811,224236.8,189000,215186.42,1890,,,,,
2016-06-01,Nechako & North Coast,KITIMAT-STIKINE,96,90,16,,1,,68,4,,1,5,5,,,1,,,21940382,228545.6,224995,289212.07,2249.9,,,,,
2016-07-01,Nechako & North Coast,KITIMAT-STIKINE,59,56,3,1,,,48,3,,1,1,1,,,2,,,14247679,241486.1,245000,193743.11,2900,,,,,
2016-08-01,Nechako & North Coast,KITIMAT-STIKINE,44,40,5,,,,34,1,,,3,3,,,,,1,13606900,309247.7,267450,195798,3349,,,,,
2016-09-01,Nechako & North Coast,KITIMAT-STIKINE,54,44,5,,,,34,4,,1,3,3,,,,,7,9662299,178931.5,165500,121086.99,1655,,,,,
2016-10-01,Nechako & North Coast,KITIMAT-STIKINE,33,31,2,,,,19,4,,6,2,2,,,,,,6972707,211294.2,192500,85410.24,1825,,,,,
2016-06-01,Nechako & North Coast,NORTH COAST,45,41,3,1,,1,35,,1,,4,4,,,,,,10320700,229348.9,213750,138509.5,2275,,,,,
2016-07-01,Nechako & North Coast,NORTH COAST,48,48,1,1,,,44,2,,,,,,,,,,10258649,213721.9,209000,129788.98,2190,,,,,
2016-08-01,Nechako & North Coast,NORTH COAST,40,35,1,,,,33,,,1,4,4,,,,,1,9898200,247455,170750,140932,1707.5,,,,,
2016-09-01,Nechako & North Coast,NORTH COAST,30,27,2,1,,,22,1,,1,,,,,,,3,7644527,254817.6,235000,102515.26,2700,,,,,
2016-10-01,Nechako & North Coast,NORTH COAST,29,28,2,1,,,20,,1,4,1,1,,,,,,5557633,191642.5,200000,70351.33,2000,,,,,
2016-06-01,Northeast,NORTHERN ROCKIES-PEACE RIVER,142,114,12,1,3,,72,8,2,16,8,4,,4,1,15,4,41803963,294394.1,259900,553496.16,2905.25,,,,,
2016-07-01,Northeast,NORTHERN ROCKIES-PEACE RIVER,113,91,17,1,4,,66,2,,1,4,3,,1,1,16,1,28888393,255649.5,250000,384579.9,2720,,,,,
2016-08-01,Northeast,NORTHERN ROCKIES-PEACE RIVER,116,93,12,,2,,71,4,,4,14,10,,4,1,7,1,59623740,513997.8,280000,1080066.52,2850,,,,,
2016-09-01,Northeast,NORTHERN ROCKIES-PEACE RIVER,127,107,14,1,5,,68,5,1,13,5,4,,1,1,14,,36695943,288944.4,255000,508592.12,2350,,,,,
2016-10-01,Northeast,NORTHERN ROCKIES-PEACE RIVER,120,96,14,,2,,64,1,2,13,10,7,,3,1,11,2,67316902,560974.2,255000,1458218.73,3000,,,,,
2016-06-01,Thompson/Okanagan,CENTRAL OKANAGAN,1077,1047,30,5,7,5,664,291,,45,15,11,,4,6,7,2,579128624,537723.9,443500,9370214.58,6600,36,21862880,607302.2,524000,
2016-07-01,Thompson/Okanagan,CENTRAL OKANAGAN,983,975,27,3,3,4,582,262,3,91,5,2,2,1,2,1,,505322061,514061.1,432500,8044671.93,6300,20,14444900,722245,533500,
2016-08-01,Thompson/Okanagan,CENTRAL OKANAGAN,1048,1031,17,7,1,,596,315,4,91,13,6,4,3,1,1,2,537390781,512777.5,440000,8550115.04,6599,18,7828588,434921.6,420000,
2016-09-01,Thompson/Okanagan,CENTRAL OKANAGAN,931,904,20,5,5,4,435,272,5,158,20,8,8,4,5,2,,507857607,545496.9,430000,8405822.14,6340,12,5614683,467890.2,387400,
2016-10-01,Thompson/Okanagan,CENTRAL OKANAGAN,716,697,22,,8,1,303,165,3,195,12,5,1,6,3,4,,392656617,548403.1,450000,6474735.79,6700,20,25594803,1279740.1,905000,
2016-06-01,Thompson/Okanagan,COLUMBIA SHUSWAP,283,261,37,3,5,3,176,30,,7,12,9,2,1,7,3,,89214270,315244.8,275000,1302504.23,3500,,,,,
2016-07-01,Thompson/Okanagan,COLUMBIA SHUSWAP,231,214,30,,3,,150,22,,9,4,4,,,9,,4,75606082,327299.1,308000,1105144.64,4000,,,,,
2016-08-01,Thompson/Okanagan,COLUMBIA SHUSWAP,212,191,18,5,7,1,128,24,,8,7,4,,3,12,1,1,67864893,320117.4,293250,981502.7,3800,,,,,
2016-09-01,Thompson/Okanagan,COLUMBIA SHUSWAP,208,195,25,1,3,,124,18,,24,6,5,1,,4,1,2,71452485,343521.6,319500,1073309.93,4380,,,,,
2016-10-01,Thompson/Okanagan,COLUMBIA SHUSWAP,151,139,15,3,2,4,80,11,,24,4,2,,2,3,2,3,51940821,343978.9,290000,765056.2,3700,,,,,
2016-06-01,Thompson/Okanagan,NORTH OKANAGAN,439,422,31,3,71,,232,70,,15,8,6,1,1,1,7,1,162783927,370806.2,342000,2490168.06,4660,,,,,
2016-07-01,Thompson/Okanagan,NORTH OKANAGAN,395,383,28,2,11,3,267,59,,13,7,6,,1,3,1,1,164076757,415384.2,370000,2446885.19,5200,,,,,
2016-08-01,Thompson/Okanagan,NORTH OKANAGAN,395,388,28,1,10,,242,80,,27,6,5,,1,,1,,157829647,399568.7,359000,2303481.34,4900,,,,,
2016-09-01,Thompson/Okanagan,NORTH OKANAGAN,382,362,34,1,8,3,211,69,1,35,15,12,3,,5,,,149655846,391769.2,350000,2185894.23,4745,,,,,
2016-10-01,Thompson/Okanagan,NORTH OKANAGAN,307,281,20,1,10,2,148,38,,62,14,7,1,6,8,4,,130938924,426511.2,335000,2056318.09,4500,,,,,
2016-06-01,Thompson/Okanagan,OKANAGAN-SIMILKAMEEN,450,425,40,5,12,4,266,79,1,18,11,9,,2,4,5,5,178376036,396391.2,332500,2672831.37,4407.435,,,,,
2016-07-01,Thompson/Okanagan,OKANAGAN-SIMILKAMEEN,358,335,27,2,6,2,200,83,1,14,5,4,,1,9,7,2,137876827,385130.8,319200,2040592.57,4200,,,,,
2016-08-01,Thompson/Okanagan,OKANAGAN-SIMILKAMEEN,376,351,29,5,6,5,209,72,2,23,11,6,,5,8,6,,148801382,395748.4,320000,2275510.65,4100,,,,,
2016-09-01,Thompson/Okanagan,OKANAGAN-SIMILKAMEEN,396,366,26,2,5,4,204,82,2,41,16,8,3,5,8,5,1,154616253,390445.1,320000,2362409.72,4259,,,,,
2016-10-01,Thompson/Okanagan,OKANAGAN-SIMILKAMEEN,284,273,12,2,5,3,135,55,,61,6,6,,,2,3,,100792309,354902.5,300550,1400957.3,3783.845,,,,,
2016-06-01,Thompson/Okanagan,THOMPSON-NICOLA,491,462,41,1,8,2,312,68,5,25,14,11,,3,4,8,3,164135146,334287.5,306100,2239033.12,3700,,,,,
2016-07-01,Thompson/Okanagan,THOMPSON-NICOLA,432,422,34,2,6,,294,76,1,9,6,5,1,,2,2,,149109643,345161.2,324950,2061750.1,4255,,,,,
2016-08-01,Thompson/Okanagan,THOMPSON-NICOLA,504,481,33,3,11,,343,77,2,12,6,1,4,1,4,11,2,168759650,334840.6,324750,2297865.47,3990,,,,,
2016-09-01,Thompson/Okanagan,THOMPSON-NICOLA,450,429,40,5,4,1,252,72,2,53,8,7,1,,6,5,2,143001325,317780.7,300000,1902730.11,3590,,,,,
2016-10-01,Thompson/Okanagan,THOMPSON-NICOLA,375,360,17,2,4,1,207,46,4,79,10,6,,4,3,1,1,126440548,337174.8,320000,1764533.07,3800,,,,,
2016-06-01,Unknown/Rural,RURAL,174,152,47,3,3,,94,4,,1,6,1,3,2,10,3,3,70715294,406409.7,357500,1091420.03,5150,,,,,
2016-07-01,Unknown/Rural,RURAL,161,154,37,,3,,107,4,3,,2,1,,1,5,,,64324222,399529.3,360000,1004899.24,5200,,,,,
2016-08-01,Unknown/Rural,RURAL,396,372,83,2,8,,254,19,1,5,6,4,2,,11,4,3,150328079,379616.4,330000,2276281.02,4300,,,,,
2016-09-01,Unknown/Rural,RURAL,526,457,115,4,10,,249,21,3,55,6,2,3,1,32,22,9,191491451,364052.2,275750,2968731.86,3342,,,,,
2016-10-01,Unknown/Rural,RURAL,394,350,90,1,4,,170,12,2,71,5,3,1,1,25,6,8,127453568,323486.2,250000,1899048.46,2850,,,,,
2016-06-01,Unknown/Rural,UNKNOWN,73,65,7,,,,11,,,47,4,1,,3,3,1,,31353280,429497,314900,448566.23,3760,,,,,
2016-07-01,Unknown/Rural,UNKNOWN,82,66,8,,,,6,,,52,1,,,1,1,1,13,41634055,507732.4,371250,631995.44,4650.5,,,,,
2016-08-01,Unknown/Rural,UNKNOWN,219,197,15,2,1,,97,68,1,13,4,1,2,1,11,7,,120034251,548101.6,370000,2118878.48,4755,,,,,
2016-09-01,Unknown/Rural,UNKNOWN,33,31,1,,,,6,13,,11,1,,,1,1,,,16886687,511717.8,386000,277589.93,5720,,,,,
2016-10-01,Unknown/Rural,UNKNOWN,25,22,,,,,1,3,,18,2,,,2,1,,,12427200,497088,395000,204810,5900,,,,,
2016-06-01,Vancouver Island/Coast,ALBERNI-CLAYOQUOT,130,120,11,4,1,4,91,5,3,1,5,3,1,1,5,,,34310331,263925.6,200000,472734.93,2000,,,,,
2016-07-01,Vancouver Island/Coast,ALBERNI-CLAYOQUOT,107,98,6,3,,,88,1,,,5,4,,1,4,,,35772808,334325.3,224000,546281.48,2450,,,,,
2016-08-01,Vancouver Island/Coast,ALBERNI-CLAYOQUOT,135,130,8,5,,1,98,13,2,3,3,1,,2,2,,,42159705,312294.1,235000,612026.25,2700,,,,,
2016-09-01,Vancouver Island/Coast,ALBERNI-CLAYOQUOT,142,135,9,3,,,97,14,,12,6,3,,3,1,,,40549837,285562.2,220000,565821.5,2400,,,,,
2016-10-01,Vancouver Island/Coast,ALBERNI-CLAYOQUOT,122,119,2,,1,3,71,9,1,32,1,1,,,2,,,39497965,323753.8,266309.5,567073.79,3239,,,,,
2016-06-01,Vancouver Island/Coast,CAPITAL,1595,1567,32,5,4,16,802,509,95,104,25,11,4,10,,2,1,950682515,596039.2,489900,15740577.4,7400,64,44954087,702407.6,584000,
2016-07-01,Vancouver Island/Coast,CAPITAL,1308,1291,26,5,4,16,696,412,3,129,13,3,6,4,,,4,808144615,617847.6,494150,13547092.71,7400,46,39252490,853315,752000,
2016-08-01,Vancouver Island/Coast,CAPITAL,1317,1306,33,5,4,21,716,442,5,80,10,8,2,,,,1,807143021,612864.9,522000,13425938.86,7998,47,42513620,904545.1,890000,
2016-09-01,Vancouver Island/Coast,CAPITAL,1097,1074,30,5,4,24,485,315,5,206,16,8,3,5,2,3,2,724302579,660257.6,510000,12608910.3,7800.3,39,31081958,796973.3,695880,
2016-10-01,Vancouver Island/Coast,CAPITAL,907,879,26,4,1,8,313,189,3,335,22,15,,7,1,,5,578808168,638156.7,518000,9411913.94,7800,63,75608099,1200128.6,895000,
2016-06-01,Vancouver Island/Coast,COMOX VALLEY,348,337,17,,,1,247,62,1,9,9,5,4,,1,,1,139095820,399700.6,305900,2351453.87,3739,,,,,
2016-07-01,Vancouver Island/Coast,COMOX VALLEY,314,310,15,1,,,220,51,1,22,2,1,1,,,1,1,115793266,368768.4,343450,1577978.02,4520,,,,,
2016-08-01,Vancouver Island/Coast,COMOX VALLEY,338,319,22,,5,,219,43,2,28,17,5,9,3,1,1,,127345430,376761.6,337200,1778776.79,3920,,,,,
2016-09-01,Vancouver Island/Coast,COMOX VALLEY,247,238,13,1,,2,147,43,2,30,4,2,1,1,1,1,3,93729951,379473.5,325000,1361040.14,4400,,,,,
2016-10-01,Vancouver Island/Coast,COMOX VALLEY,213,199,13,3,,,107,21,1,54,7,2,1,4,3,,4,86723204,407151.2,350000,1300016.27,4500,,,,,
2016-06-01,Vancouver Island/Coast,COWICHAN VALLEY,379,367,30,3,4,,283,37,,10,3,1,1,1,5,1,3,143205973,377852.2,349000,2076464.52,4824,,,,,
2016-07-01,Vancouver Island/Coast,COWICHAN VALLEY,324,318,24,2,2,1,251,33,1,4,2,1,,1,1,1,2,122792456,378989.1,352500,1774024.39,4879,,,,,
2016-08-01,Vancouver Island/Coast,COWICHAN VALLEY,249,245,26,3,4,,161,36,1,14,3,2,,1,1,,,92465962,371349.2,347500,1323694.16,4790,,,,,
2016-09-01,Vancouver Island/Coast,COWICHAN VALLEY,243,227,22,,2,2,135,24,2,40,13,8,3,2,2,1,,91121887,374987.2,320000,1331979.78,4180,,,,,
2016-10-01,Vancouver Island/Coast,COWICHAN VALLEY,172,168,12,3,1,1,86,21,1,43,4,3,,1,,,,59651759,346812.6,315750,850875.35,3925,,,,,
2016-06-01,Vancouver Island/Coast,MOUNT WADDINGTON,27,25,1,,,,20,4,,,1,,,1,,,1,5921250,219305.6,115925.7,87227.5,1159.26,,,,,
2016-07-01,Vancouver Island/Coast,MOUNT WADDINGTON,24,24,1,,,,21,2,,,,,,,,,,3746500,156104.2,157500,41440,1575,,,,,
2016-08-01,Vancouver Island/Coast,MOUNT WADDINGTON,32,31,1,,,,28,2,,,1,1,,,,,,7428675,232146.1,195000,102211.75,1950,,,,,
2016-09-01,Vancouver Island/Coast,MOUNT WADDINGTON,31,30,2,,,,22,5,,1,1,1,,,,,,5040750,162604.8,150000,59876,1500,,,,,
2016-10-01,Vancouver Island/Coast,MOUNT WADDINGTON,14,13,,,,,8,3,,2,1,,,1,,,,2843150,203082.1,147500,38770.5,1475,,,,,
2016-06-01,Vancouver Island/Coast,NANAIMO,918,873,51,5,1,3,544,142,80,47,25,6,16,3,14,,6,344553973,375331.1,340500,4970424.73,4570,49,19646120,400941.2,418500,
2016-07-01,Vancouver Island/Coast,NANAIMO,683,657,39,3,1,2,439,116,8,49,9,6,1,2,17,,,271994314,398234.7,360000,4028292.31,4920,30,12987362,432912.1,424900,
2016-08-01,Vancouver Island/Coast,NANAIMO,758,740,42,4,2,2,506,129,5,50,10,7,2,1,4,1,3,338778939,446937.9,369950,5325634.34,4920,24,13916857,579869,539000,
2016-09-01,Vancouver Island/Coast,NANAIMO,635,607,28,3,2,5,345,98,11,115,22,9,10,3,4,,2,242830096,382409.6,330000,3548347.38,4300,25,14152700,566108,518400,
2016-10-01,Vancouver Island/Coast,NANAIMO,551,539,33,1,,1,249,69,3,183,8,1,1,6,4,,,219584951,398520.8,363000,3098474.09,4900,25,17134211,685368.4,540000,
2016-06-01,Vancouver Island/Coast,POWELL RIVER,87,82,10,,,,63,6,,3,3,2,,1,1,,1,24568800,282400,255000,332869.45,3100,,,,,
2016-07-01,Vancouver Island/Coast,POWELL RIVER,96,90,11,,,3,69,3,,4,4,1,,3,2,,,23734258,247231.9,210750,318639.67,2215,,,,,
2016-08-01,Vancouver Island/Coast,POWELL RIVER,81,79,7,,1,1,61,2,,7,1,1,,,,,1,22888683,282576.3,269900,296548.9,3000,,,,,
2016-09-01,Vancouver Island/Coast,POWELL RIVER,58,56,4,,,1,39,3,,9,2,,,2,,,,17103350,294885.3,268950,215685.25,3280,,,,,
2016-10-01,Vancouver Island/Coast,POWELL RIVER,57,55,2,1,1,,30,4,,17,1,1,,,,1,,16261813,285295,265000,220864.01,3300,,,,,
2016-06-01,Vancouver Island/Coast,STRATHCONA,163,157,2,,,1,129,23,,2,4,2,,2,2,,,49531225,303872.5,280500,657485.5,3200,,,,,
2016-07-01,Vancouver Island/Coast,STRATHCONA,140,138,1,,,,113,19,,5,2,2,,,,,,47381750,338441.1,303950,680960.74,3740,,,,,
2016-08-01,Vancouver Island/Coast,STRATHCONA,165,161,7,1,,2,121,27,,3,4,3,,1,,,,52004055,315176.1,299900,687277.23,3518,,,,,
2016-09-01,Vancouver Island/Coast,STRATHCONA,159,156,7,3,,,101,21,,24,2,2,,,1,,,45382521,285424.7,272500,571405.91,3200,,,,,
2016-10-01,Vancouver Island/Coast,STRATHCONA,144,139,3,1,,,92,12,,31,1,1,,,4,,,41892776,290922.1,281000,537379.43,3398,,,,,
2016-06-01,Rest of province,Rest of province,,,,,,,,,,,,,,,,,,,,,,,367,138311865,376871.6,281000,
2016-07-01,Rest of province,Rest of province,,,,,,,,,,,,,,,,,,,,,,,137,58851585,429573.6,315000,
2016-08-01,Rest of province,Rest of province,,,,,,,,,,,,,,,,,,,,,,,82,72623507,885652.5,420750,
2016-09-01,Rest of province,Rest of province,,,,,,,,,,,,,,,,,,,,,,,131,64878213,495253.5,220000,
2016-10-01,Rest of province,Rest of province,,,,,,,,,,,,,,,,,,,,,,,113,44908516,397420.5,208000,
2016-11-01,Cariboo,CARIBOO,133,117,24,5,5,1,77,3,,2,8,5,,3,2,5,1,26126295,196438.3,170000,334494.71,1700,,,,,
2016-11-01,Cariboo,FRASER-FORT GEORGE,180,168,34,2,2,3,105,9,1,12,5,2,,3,3,3,1,42600281,236668.2,211500,507030.56,1800,,,,,
2016-11-01,Kootenay,CENTRAL KOOTENAY,126,120,18,3,3,,81,8,,7,2,2,,,2,2,,30401522,241281.9,230000,390736.11,2400,,,,,
2016-11-01,Kootenay,EAST KOOTENAY,222,188,22,3,3,6,99,52,,3,19,17,,2,8,4,3,83051006,374103.6,239500,1510418.1,2790,,,,,
2016-11-01,Kootenay,KOOTENAY BOUNDARY,74,72,6,1,1,,55,8,,1,2,1,,1,,,,12457521,168344.9,135500,155539.2,1355,,,,,
2016-11-01,Mainland/Southwest,FRASER VALLEY,870,849,33,5,14,6,377,261,8,145,12,7,2,3,6,2,1,408335017,469350.6,389949.5,6283624.06,5000,,,,,
2016-11-01,Mainland/Southwest,METRO VANCOUVER,5120,5013,44,16,11,38,1358,2214,34,1298,99,33,46,20,1,2,5,4559759521,890578,549000,109307455.3,8616.35,209,212438644,1016452.8,544000,24064623
2016-11-01,Mainland/Southwest,SQUAMISH-LILLOOET,247,219,11,2,2,,67,90,22,25,14,2,8,4,14,,,191094732,773662.9,492000,3525217.43,7840,,,,,
2016-11-01,Mainland/Southwest,SUNSHINE COAST,77,73,6,1,1,,44,14,,7,1,,,1,2,,1,38575799,500984.4,447000,600980.9,6300,,,,,
2016-11-01,Nechako & North Coast,BULKLEY-NECHAKO,67,62,22,1,,,33,2,,4,2,1,,1,,2,1,12250785,182847.5,135000,156823.28,1350,,,,,
2016-11-01,Nechako & North Coast,KITIMAT-STIKINE,45,45,9,1,,,33,2,,,,,,,,,,9226982,205044,205000,111561,1650,,,,,
2016-11-01,Nechako & North Coast,NORTH COAST,42,40,1,,,,36,3,,,1,1,,,1,,,6616363,157532.5,129500,82808.63,1295,,,,,
2016-11-01,Northeast,NORTHERN ROCKIES-PEACE RIVER,134,108,15,,1,,76,9,,7,10,9,,1,,16,,43615141,325486.1,239950,680108.83,2549,,,,,
2016-11-01,Thompson/Okanagan,CENTRAL OKANAGAN,680,652,24,2,5,3,304,207,5,102,19,5,7,7,5,3,1,345414726,507962.8,398250,5499920.43,5423,13,5133300,394869.2,379900,
2016-11-01,Thompson/Okanagan,COLUMBIA SHUSWAP,156,149,12,3,4,1,93,23,,13,3,2,,1,1,3,,48824657,312978.6,300000,670564.7,3900,,,,,
2016-11-01,Thompson/Okanagan,NORTH OKANAGAN,302,282,27,2,8,,170,58,2,15,6,1,3,2,7,6,1,123110459,407650.5,335000,1897389.92,4450,,,,,
2016-11-01,Thompson/Okanagan,OKANAGAN-SIMILKAMEEN,297,265,30,3,4,5,129,71,2,21,9,8,,1,16,6,1,106473201,358495.6,285000,1566048.58,3140,,,,,
2016-11-01,Thompson/Okanagan,THOMPSON-NICOLA,322,292,32,1,5,,204,37,4,9,16,10,6,,4,8,2,118427283,367786.6,331599,1662209.85,4175,,,,,
2016-11-01,Unknown/Rural,RURAL,380,294,76,4,9,,177,21,2,5,34,5,24,5,23,9,20,118802055,312637,250000,1828358.74,2910,,,,,
2016-11-01,Unknown/Rural,UNKNOWN,33,30,,,,,,4,,26,,,,,2,1,,19946276,604432.6,478000,340026.95,7560,,,,,
2016-11-01,Vancouver Island/Coast,ALBERNI-CLAYOQUOT,119,114,15,,2,2,72,9,7,7,4,4,,,1,,,33492543,281449.9,227500,467313.81,2400,,,,,
2016-11-01,Vancouver Island/Coast,CAPITAL,879,848,34,6,3,17,431,279,11,67,29,6,10,13,,,2,541969094,616574.6,495238.1,9130357.36,7470,40,32587579,814689.5,760000,
2016-11-01,Vancouver Island/Coast,COMOX VALLEY,172,166,11,2,,,107,31,2,13,2,2,,,2,,2,65037808,378126.8,347450,883395.11,4025,,,,,
2016-11-01,Vancouver Island/Coast,COWICHAN VALLEY,159,153,16,2,1,1,104,24,,5,3,2,1,,1,1,1,55294998,347767.3,335000,713396.82,3888,,,,,
2016-11-01,Vancouver Island/Coast,MOUNT WADDINGTON,21,21,1,1,,1,13,5,,,,,,,,,,5412997,257761.8,161500,80547.44,1615,,,,,
2016-11-01,Vancouver Island/Coast,NANAIMO,461,447,25,6,,3,284,78,3,48,8,5,2,1,4,1,1,200021625,433886.4,367000,2990001.39,4980,19,11168162,587798,646000,
2016-11-01,Vancouver Island/Coast,POWELL RIVER,36,35,4,,,,30,,,1,1,1,,,,,,16628900,461913.9,374500,270459,4089,,,,,
2016-11-01,Vancouver Island/Coast,STRATHCONA,124,120,3,4,,3,87,15,,8,4,4,,,,,,42719400,344511.3,290500,587542.75,3269,,,,,
2016-11-01,Rest of province,Rest of province,,,,,,,,,,,,,,,,,,,,,,,,113,57179599,506014.2,289627.5
2016-12-01,Cariboo,CARIBOO,101,98,33,,2,,54,6,,3,3,3,,,,,,17519204,173457.5,162900,201309.79,1550,,,,,
2016-12-01,Cariboo,FRASER-FORT GEORGE,152,140,28,2,,1,95,11,,3,9,6,,3,1,2,,40724377,267923.5,237700,524359.89,2550,,,,,
2016-12-01,Kootenay,CENTRAL KOOTENAY,131,124,24,6,,,87,3,,4,5,4,,1,1,,1,31686951,241885.1,230000,422616.7,2500,,,,,
2016-12-01,Kootenay,EAST KOOTENAY,134,122,11,3,,2,73,31,1,1,5,3,,2,5,2,,36258457,270585.5,219750,499901.63,2359,,,,,
2016-12-01,Kootenay,KOOTENAY BOUNDARY,47,46,4,,1,2,33,5,,1,,,,,1,,,11555398,245859.5,210000,191850.97,2200,,,,,
2016-12-01,Mainland/Southwest,FRASER VALLEY,647,617,14,5,15,1,300,236,17,29,16,10,3,3,2,8,4,305895997,472791.3,341500,4670978.1,4000,14,9238899,659921.4,482500,
2016-12-01,Mainland/Southwest,METRO VANCOUVER,4365,4216,38,15,13,38,1075,1954,72,1011,134,56,62,16,2,4,9,4116706254,943117.1,498241,97409660.85,7300,177,193296578,1092071.1,553900,15642591
2016-12-01,Mainland/Southwest,SQUAMISH-LILLOOET,179,163,6,1,,5,35,83,29,4,3,,2,1,12,1,,97671298,545649.7,369900,1636379.87,5000,,,,,
2016-12-01,Mainland/Southwest,SUNSHINE COAST,66,61,7,,,,40,11,,3,3,2,1,,1,,1,29214555,442644.8,354307.3,397786,4110,,,,,
2016-12-01,Nechako & North Coast,BULKLEY-NECHAKO,59,49,12,1,,1,28,5,1,1,3,3,,,3,4,,9369209,158800.2,138000,109305.08,1350,,,,,
2016-12-01,Nechako & North Coast,KITIMAT-STIKINE,29,27,2,2,,,19,4,,,1,1,,,,,1,5849741,201715.2,180000,63254.07,1500,,,,,
2016-12-01,Nechako & North Coast,NORTH COAST,27,19,1,2,,,16,,,,3,3,,,,,5,3788885,140329.1,85000,47529.7,850,,,,,
2016-12-01,Northeast,NORTHERN ROCKIES-PEACE RIVER,118,67,16,,1,,46,3,1,,19,19,,,,32,,28966799,245481.3,181250,394776.43,1692.5,,,,,
2016-12-01,Thompson/Okanagan,CENTRAL OKANAGAN,529,517,11,3,4,3,267,199,2,28,7,6,,1,,5,,294373817,556472.2,389900,4876503.29,5200,18,7063250,392402.8,369900,
2016-12-01,Thompson/Okanagan,COLUMBIA SHUSWAP,84,74,11,1,1,,45,9,,7,4,3,,1,4,,2,28929666,344400.8,264000,438918.59,2680,,,,,
2016-12-01,Thompson/Okanagan,NORTH OKANAGAN,203,188,21,3,6,1,125,27,1,4,12,7,1,4,1,1,1,81658723,402259.7,335000,1203078.69,4140,,,,,
2016-12-01,Thompson/Okanagan,OKANAGAN-SIMILKAMEEN,239,222,20,2,3,1,122,66,6,2,6,2,,4,6,4,1,79970616,334605.1,277000,1080885.35,3100,,,,,
2016-12-01,Thompson/Okanagan,THOMPSON-NICOLA,257,243,21,6,6,,166,37,5,2,10,4,3,3,4,,,87828436,341744.9,316000,1209422.83,3810,,,,,
2016-12-01,Unknown/Rural,RURAL,302,256,69,8,5,,160,13,,1,12,5,,7,18,13,3,88902164,294378,229375,1337850.96,2315,,,,,
2016-12-01,Unknown/Rural,UNKNOWN,42,36,,,,,2,,,34,3,,,3,2,1,,19270730,458826.9,317047.6,311072.76,4340.95,,,,,
2016-12-01,Vancouver Island/Coast,ALBERNI-CLAYOQUOT,74,73,9,2,,,52,3,6,1,1,1,,,,,,22032106,297731.2,208250,332688.68,2165,,,,,
2016-12-01,Vancouver Island/Coast,CAPITAL,790,735,21,6,,5,338,264,7,94,51,16,23,12,,2,2,492220765,623064.3,463095.2,8668415.07,6500,39,25085449,643216.6,621188,
2016-12-01,Vancouver Island/Coast,COMOX VALLEY,166,156,13,1,1,,93,36,10,2,6,3,,3,4,,,75274764,453462.4,350764.5,1198481.86,3760,,,,,
2016-12-01,Vancouver Island/Coast,COWICHAN VALLEY,109,108,6,2,,1,71,23,3,2,1,1,,,,,,32082774,294337.4,267500,430060.99,3173.5,,,,,
2016-12-01,Vancouver Island/Coast,MOUNT WADDINGTON,15,13,3,,,2,6,2,,,2,1,,1,,,,4113567,274237.8,136000,63610.33,1360,,,,,
2016-12-01,Vancouver Island/Coast,NANAIMO,320,304,15,2,1,3,183,71,8,21,10,5,4,1,5,,1,120970080,378031.5,350000,1676863.71,4480,20,10086282,504314.1,506000,
2016-12-01,Vancouver Island/Coast,POWELL RIVER,41,40,6,1,1,,30,2,,,1,1,,,,,,12486162,304540.5,274000,171274.5,3200,,,,,
2016-12-01,Vancouver Island/Coast,STRATHCONA,110,103,2,1,,1,82,14,,3,3,2,,1,,1,3,38543621,350396.6,281250,591427.2,3350,,,,,
2016-12-01,Rest of province,Rest of province,,,,,,,,,,,,,,,,,,,,,,,118,46266675,392090.5,245000,
2017-01-01,Cariboo,CARIBOO,106,84,26,3,2,1,37,0,0,15,8,7,0,1,5,7,2,19812786.11,186913.0765,154950,252072.32,1549.5,NA,NA,NA,NA,NA
2017-01-01,Cariboo,FRASER-FORT GEORGE,126,115,25,0,0,3,69,3,0,15,3,3,0,0,0,6,2,33566867.04,266403.7067,221500,462676.39,2400,NA,NA,NA,NA,NA
2017-01-01,Kootenay,CENTRAL KOOTENAY,96,89,18,2,2,0,45,4,0,18,4,2,0,2,0,3,0,26947308.83,280701.1336,220500,381127.09,2260,NA,NA,NA,NA,NA
2017-01-01,Kootenay,EAST KOOTENAY,118,99,6,0,1,2,61,20,0,9,6,4,0,2,13,0,0,30875558.92,261657.279,208750,439246.44,2009,NA,NA,NA,NA,NA
2017-01-01,Kootenay,KOOTENAY BOUNDARY,83,71,9,1,0,1,44,8,2,6,1,0,0,1,3,8,0,18019679.24,217104.5692,185000,239437.29,1850,NA,NA,NA,NA,NA
2017-01-01,Mainland/Southwest,FRASER VALLEY,604,590,11,7,13,4,253,153,9,140,11,7,3,1,1,1,1,294538601,487646.6904,393450,4598462.23,4998,NA,NA,NA,NA,NA
2017-01-01,Mainland/Southwest,METRO VANCOUVER,3591,3449,39,4,6,34,856,1676,31,803,133,54,46,33,1,4,4,3538863980,985481.476,590000,87285901.55,9660,151,157775270.4,1044869.34,698000,17764387.97
2017-01-01,Mainland/Southwest,SQUAMISH-LILLOOET,252,199,4,5,0,3,32,70,11,74,5,3,1,1,47,0,1,118952043.2,472031.9174,344200,1929430.3,3998,NA,NA,NA,NA,NA
2017-01-01,Mainland/Southwest,SUNSHINE COAST,81,74,15,1,0,0,43,7,1,7,1,0,1,0,4,0,2,41636568.53,514031.7102,383600,681481.55,5300,NA,NA,NA,NA,NA
2017-01-01,Nechako & North Coast,BULKLEY-NECHAKO,36,29,11,0,1,0,13,0,0,4,3,2,0,1,2,0,2,4661468.46,129485.235,81500,57214.69,815,NA,NA,NA,NA,NA
2017-01-01,Nechako & North Coast,KITIMAT-STIKINE,36,30,2,1,0,0,25,0,0,2,6,4,0,2,0,0,0,8554457.05,237623.8069,179600,112238.38,1700,NA,NA,NA,NA,NA
2017-01-01,Nechako & North Coast,NORTH COAST,20,20,0,2,0,0,12,2,1,3,0,0,0,0,0,0,0,2608750,130437.5,132500,28707.5,1325,NA,NA,NA,NA,NA
2017-01-01,Northeast,NORTHERN ROCKIES-PEACE RIVER,78,65,10,0,0,0,22,4,0,29,3,2,0,1,1,8,1,21726660.2,278546.9256,276500,268743.21,3242,NA,NA,NA,NA,NA
2017-01-01,Rest of province,Rest of province,NA,NA,NA,NA,NA,NA,NA,NA,NA,NA,NA,NA,NA,NA,NA,NA,NA,NA,NA,NA,NA,NA,117,30616435.67,261678.9374,99200,NA
2017-01-01,Thompson/Okanagan,CENTRAL OKANAGAN,437,420,5,2,3,1,193,96,4,116,14,6,3,5,1,2,0,245929375.9,562767.4506,425000,4133550.09,6000,10,5170000,517000,535000,NA
2017-01-01,Thompson/Okanagan,COLUMBIA SHUSWAP,137,128,21,1,3,1,75,14,0,13,5,4,0,1,2,1,1,35891531.65,261981.9828,231000,487833.69,2218,NA,NA,NA,NA,NA
2017-01-01,Thompson/Okanagan,NORTH OKANAGAN,141,129,4,2,2,2,73,24,1,21,11,4,1,6,1,0,0,65077581.96,461543.1345,335000,1047471.66,4400,NA,NA,NA,NA,NA
2017-01-01,Thompson/Okanagan,OKANAGAN-SIMILKAMEEN,164,145,7,0,2,2,63,48,0,23,6,5,0,1,5,8,0,68676552.43,418759.466,311000,1076426.46,3100,NA,NA,NA,NA,NA
2017-01-01,Thompson/Okanagan,THOMPSON-NICOLA,194,179,15,2,7,1,101,18,0,35,10,5,0,5,3,0,2,67450146.46,347681.1673,300000,937983.56,3801.9,NA,NA,NA,NA,NA
2017-01-01,Unknown,UNKNOWN,72,69,0,0,0,0,2,4,1,62,1,0,0,1,1,1,0,32895744,456885.3333,332250,529293.44,4645,NA,NA,NA,NA,NA
2017-01-01,Vancouver Island/Coast,ALBERNI-CLAYOQUOT,100,91,21,3,0,0,54,5,2,6,1,1,0,0,7,1,0,37593014.34,375930.1434,289500,585757.57,3790,NA,NA,NA,NA,NA
2017-01-01,Vancouver Island/Coast,CAPITAL,619,603,22,1,1,6,260,169,5,139,15,5,7,3,0,0,1,375223689.4,606177.2042,498800,6153973.38,7400,41,34830798.62,849531.6737,840000,NA
2017-01-01,Vancouver Island/Coast,CENTRAL COAST-MOUNT WADDINGTON,20,20,4,0,0,0,12,1,0,3,0,0,0,0,0,0,0,3217400,160870,148750,36999,1487.5,NA,NA,NA,NA,NA
2017-01-01,Vancouver Island/Coast,COMOX VALLEY,155,144,9,3,0,0,65,25,3,39,10,3,1,6,0,1,0,51330675.25,331165.6468,310000,725765.05,4000,NA,NA,NA,NA,NA
2017-01-01,Vancouver Island/Coast,COWICHAN VALLEY,139,133,8,1,0,1,78,13,0,32,5,0,2,3,0,1,0,48766998.37,350841.7149,333000,635208.08,3680,NA,NA,NA,NA,NA
2017-01-01,Vancouver Island/Coast,NANAIMO,285,271,10,0,0,2,129,31,1,98,11,5,2,4,2,1,0,119870059.8,420596.7011,340000,1748599.84,4500,16,9973828.76,623364.2975,545750,NA
2017-01-01,Vancouver Island/Coast,POWELL RIVER,41,39,0,0,0,0,35,1,0,3,0,0,0,0,2,0,0,9567600.96,233356.121,234000,122676.16,2500,NA,NA,NA,NA,NA
2017-01-01,Vancouver Island/Coast,STRATHCONA,95,93,5,4,0,1,56,10,1,16,2,2,0,0,0,0,0,29143700,306775.7895,279900,389058,3000,NA,NA,NA,NA,NA
2017-02-01,Cariboo,CARIBOO,113,104,29,0,5,1,66,2,0,1,1,1,0,0,3,4,1,22391261,198152.7522,168100,296415.06,1650,NA,NA,NA,NA,NA
2017-02-01,Cariboo,FRASER-FORT GEORGE,127,121,17,1,0,3,87,11,0,2,4,2,1,1,2,0,0,36101373.04,284262.7798,236800,463194.47,2570,NA,NA,NA,NA,NA
2017-02-01,Kootenay,CENTRAL KOOTENAY,95,82,22,2,1,1,47,3,0,6,7,6,0,1,2,3,1,20374784.81,214471.4191,140000,276361.92,1266.75,NA,NA,NA,NA,NA
2017-02-01,Kootenay,EAST KOOTENAY,120,99,7,1,1,2,67,19,0,2,10,10,0,0,10,1,0,33591710.78,279930.9232,184000,544741.02,1725,NA,NA,NA,NA,NA
2017-02-01,Kootenay,KOOTENAY BOUNDARY,76,66,11,0,0,0,40,15,0,0,5,5,0,0,4,1,0,16751980.66,220420.7982,175000,227312.6,1750,NA,NA,NA,NA,NA
2017-02-01,Mainland/Southwest,FRASER VALLEY,581,530,23,1,6,4,230,170,5,91,46,5,38,3,2,2,1,268463186.7,462070.8893,379500,3753482.72,4000,12,6505938,542161.5,536875,NA
2017-02-01,Mainland/Southwest,METRO VANCOUVER,3727,3609,28,6,10,46,1010,1798,22,689,108,44,50,14,5,4,1,4493617080,1205692.804,539900,107843076.1,8400,123,107082041.1,870585.7,688000,10274145.41
2017-02-01,Mainland/Southwest,SQUAMISH-LILLOOET,170,148,2,2,0,2,51,65,21,5,3,1,2,0,18,0,1,116166335.2,683331.3838,461250,2091279.21,7225,NA,NA,NA,NA,NA
2017-02-01,Mainland/Southwest,SUNSHINE COAST,83,81,7,2,0,0,58,9,1,4,1,0,0,1,1,0,0,37915552.92,456813.8906,400000,538456.79,5580,NA,NA,NA,NA,NA
2017-02-01,Nechako & North Coast,BULKLEY-NECHAKO,55,42,9,2,0,0,28,2,0,1,4,2,0,2,3,6,0,8938520,162518.5455,135000,110373.42,1350,NA,NA,NA,NA,NA
2017-02-01,Nechako & North Coast,KITIMAT-STIKINE,27,26,4,2,0,0,17,2,0,1,1,0,0,1,0,0,0,6858929.15,254034.413,220000,94471.29,2400,NA,NA,NA,NA,NA
2017-02-01,Nechako & North Coast,NORTH COAST,26,23,3,1,0,0,18,0,1,0,3,3,0,0,0,0,0,5473901.43,210534.6704,152325,72771.01,1523.25,NA,NA,NA,NA,NA
2017-02-01,Northeast,NORTHERN ROCKIES-PEACE RIVER,148,108,18,2,2,0,57,5,0,24,3,3,0,0,1,32,4,37970627.48,256558.2938,243490.56,530572.92,2809.81,NA,NA,NA,NA,NA
2017-02-01,Rest of province,Rest of province,NA,NA,NA,NA,NA,NA,NA,NA,NA,NA,NA,NA,NA,NA,NA,NA,NA,NA,NA,NA,NA,NA,99,47750589.63,482329.1882,235500,NA
2017-02-01,Thompson/Okanagan,CENTRAL OKANAGAN,359,339,12,2,3,1,173,105,5,38,16,9,3,4,2,2,0,202332211,563599.4735,425900,3276722.66,6000,10,3905100,390510,369525,NA
2017-02-01,Thompson/Okanagan,COLUMBIA SHUSWAP,98,94,16,0,4,0,59,9,0,6,2,1,1,0,2,0,0,30876592.6,315067.2714,283500,430118.66,3500,NA,NA,NA,NA,NA
2017-02-01,Thompson/Okanagan,NORTH OKANAGAN,151,140,6,1,1,0,91,35,1,5,6,3,2,1,0,5,0,53574534.8,354798.2437,287000,741190.72,3398,NA,NA,NA,NA,NA
2017-02-01,Thompson/Okanagan,OKANAGAN-SIMILKAMEEN,143,128,10,1,4,0,58,53,0,2,8,7,0,1,3,4,0,54145387.88,378639.0761,278000,795463.14,3080,NA,NA,NA,NA,NA
2017-02-01,Thompson/Okanagan,THOMPSON-NICOLA,203,192,15,7,2,1,115,37,0,15,4,4,0,0,1,5,1,69854648.07,344111.5668,312000,986911.02,3240,NA,NA,NA,NA,NA
2017-02-01,Unknown,UNKNOWN,42,37,0,0,0,0,5,5,2,25,1,0,0,1,1,0,3,31157372.82,741842.21,408151,552738.12,6163.02,NA,NA,NA,NA,NA
2017-02-01,Vancouver Island/Coast,ALBERNI-CLAYOQUOT,139,122,18,1,0,2,85,8,6,2,3,2,1,0,11,0,3,42454986.77,305431.5595,249000,623819.25,2980,NA,NA,NA,NA,NA
2017-02-01,Vancouver Island/Coast,CAPITAL,626,603,36,3,2,10,280,206,3,63,17,12,2,3,2,1,3,391215635.8,624945.1051,466735.715,6659337.96,6789,30,20749521.43,691650.7143,473285.715,NA
2017-02-01,Vancouver Island/Coast,CENTRAL COAST-MOUNT WADDINGTON,23,21,6,0,0,0,15,0,0,0,2,2,0,0,0,0,0,3534850,153689.1304,150000,39988.5,1500,NA,NA,NA,NA,NA
2017-02-01,Vancouver Island/Coast,COMOX VALLEY,116,112,12,2,1,0,71,15,6,5,3,0,0,3,1,0,0,44944914.28,387456.1576,362500,658781.38,4575,NA,NA,NA,NA,NA
2017-02-01,Vancouver Island/Coast,COWICHAN VALLEY,151,144,13,3,1,0,113,12,0,2,5,4,0,1,1,1,0,59279226.61,392577.6597,350000,874613.67,4600,NA,NA,NA,NA,NA
2017-02-01,Vancouver Island/Coast,NANAIMO,265,256,12,1,1,1,151,63,2,25,4,3,1,0,3,1,1,99027649.94,373689.2451,335000,1290347.01,3900,15,6817367.88,454491.192,445956.88,NA
2017-02-01,Vancouver Island/Coast,POWELL RIVER,44,42,5,2,1,0,34,0,0,0,0,0,0,0,2,0,0,11575795,263086.25,245000,154562.95,2900,NA,NA,NA,NA,NA
2017-02-01,Vancouver Island/Coast,STRATHCONA,87,82,7,1,0,0,62,10,0,2,3,2,0,1,1,1,0,24563904.76,282343.7329,240000,315133.04,2630,NA,NA,NA,NA,NA
2017-03-01,Cariboo,CARIBOO,141,129,32,2,3,6,81,3,0,2,8,7,0,1,4,0,0,31409201.51,222760.2944,182000,409404.34,1817,NA,NA,NA,NA,NA
2017-03-01,Cariboo,FRASER-FORT GEORGE,201,189,24,4,3,4,122,27,0,5,11,6,0,5,1,0,0,53591732.62,266625.5354,253500,646398.2,2489.8,NA,NA,NA,NA,NA
2017-03-01,Kootenay,CENTRAL KOOTENAY,106,99,20,3,0,0,62,11,0,3,4,3,0,1,2,1,0,26449888.88,249527.2536,225000,353426.29,2500,NA,NA,NA,NA,NA
2017-03-01,Kootenay,EAST KOOTENAY,231,209,8,1,0,1,153,44,0,2,12,11,0,1,9,0,1,46298560.05,200426.6669,123714.29,651326.61,1200,NA,NA,NA,NA,NA
2017-03-01,Kootenay,KOOTENAY BOUNDARY,125,113,12,2,1,3,69,24,2,0,4,4,0,0,5,2,1,29370672.09,234965.3767,195000,387897.86,1940,NA,NA,NA,NA,NA
2017-03-01,Mainland/Southwest,FRASER VALLEY,877,853,33,3,13,7,337,260,6,194,13,6,2,5,1,10,0,401195303,457463.2873,377000,5599527.99,4000,14,8649000,617785.7143,460000,NA
2017-03-01,Mainland/Southwest,METRO VANCOUVER,4786,4660,29,14,12,44,1365,2370,38,788,109,32,58,19,2,8,7,4547183649,950101.0549,569900,100367912.8,8960,146,336181982.8,2302616.321,724000,12743545.59
2017-03-01,Mainland/Southwest,SQUAMISH-LILLOOET,204,175,7,1,1,5,57,67,23,14,8,3,1,4,19,2,0,141792723.5,695062.3702,482500,2604668.33,7481.29,NA,NA,NA,NA,NA
2017-03-01,Mainland/Southwest,SUNSHINE COAST,140,133,10,3,0,0,64,26,0,30,1,0,0,1,6,0,0,60044914.05,428892.2432,346200,910550.73,4315,NA,NA,NA,NA,NA
2017-03-01,Nechako & North Coast,BULKLEY-NECHAKO,70,61,23,1,1,0,36,0,0,0,4,4,0,0,3,1,1,12789829.52,182711.8503,171250,160246.7,1712.5,NA,NA,NA,NA,NA
2017-03-01,Nechako & North Coast,KITIMAT-STIKINE,43,40,10,1,2,0,24,3,0,0,1,1,0,0,0,0,2,10192820,237042.3256,179950,139330.5,1652,NA,NA,NA,NA,NA
2017-03-01,Nechako & North Coast,NORTH COAST,48,47,1,1,0,0,45,0,0,0,1,1,0,0,0,0,0,9340511,194593.9792,182500,116763.03,1825,NA,NA,NA,NA,NA
2017-03-01,Northeast,NORTHERN ROCKIES-PEACE RIVER,133,114,25,0,5,1,74,4,1,4,3,2,0,1,2,12,2,36826330.1,276889.7,250000,472817.17,2166.67,NA,NA,NA,NA,NA
2017-03-01,Rest of province,Rest of province,NA,NA,NA,NA,NA,NA,NA,NA,NA,NA,NA,NA,NA,NA,NA,NA,NA,NA,NA,NA,NA,NA,113,32311709.66,285944.3333,109000,NA
2017-03-01,Thompson/Okanagan,CENTRAL OKANAGAN,556,530,16,7,5,5,291,159,5,42,20,8,9,3,2,1,3,293712524.7,528259.9366,434900,4752255.62,6240,10,6594770,659477,637500,NA
2017-03-01,Thompson/Okanagan,COLUMBIA SHUSWAP,176,156,33,4,1,1,96,14,0,7,8,5,0,3,8,4,0,57593578,327236.2386,280000,809476.5,2700,NA,NA,NA,NA,NA
2017-03-01,Thompson/Okanagan,NORTH OKANAGAN,215,199,13,2,13,3,120,44,0,4,8,5,1,2,1,6,1,81533564.21,379225.88,333000,1170780.94,4298,NA,NA,NA,NA,NA
2017-03-01,Thompson/Okanagan,OKANAGAN-SIMILKAMEEN,288,258,30,0,6,2,135,76,2,7,12,9,0,3,2,13,3,115129153,399754.0036,333000,1725466.05,4150,NA,NA,NA,NA,NA
2017-03-01,Thompson/Okanagan,THOMPSON-NICOLA,313,266,18,5,6,5,169,51,0,12,15,11,4,0,4,18,10,111477624.1,356158.5435,304900,1673130.78,3300,NA,NA,NA,NA,NA
2017-03-01,Unknown,UNKNOWN,45,40,0,0,0,0,2,6,10,22,1,0,0,1,1,2,1,21183883.33,470752.9629,291500,353954.33,3830,NA,NA,NA,NA,NA
2017-03-01,Vancouver Island/Coast,ALBERNI-CLAYOQUOT,184,156,12,2,0,0,126,11,5,0,7,5,1,1,20,0,1,55001611.94,298921.804,234000,790355.12,2540,NA,NA,NA,NA,NA
2017-03-01,Vancouver Island/Coast,CAPITAL,964,936,61,7,4,10,413,295,5,141,23,11,9,3,4,0,1,570547721.4,591854.4828,458450,9343537.15,6527.24,42,30410271.41,724054.0812,514000,NA
2017-03-01,Vancouver Island/Coast,CENTRAL COAST-MOUNT WADDINGTON,28,23,3,0,0,0,15,5,0,0,5,2,0,3,0,0,0,5848400,208871.4286,109000,83463,1090,NA,NA,NA,NA,NA
2017-03-01,Vancouver Island/Coast,COMOX VALLEY,174,167,16,0,0,3,95,40,2,11,7,4,2,1,0,0,0,64075165.22,368248.076,313700,893570.55,3969,NA,NA,NA,NA,NA
2017-03-01,Vancouver Island/Coast,COWICHAN VALLEY,189,181,14,3,0,1,131,26,0,6,4,2,1,1,1,3,0,66725032.62,353042.5006,325000,936383.05,3829.12,NA,NA,NA,NA,NA
2017-03-01,Vancouver Island/Coast,NANAIMO,406,389,18,5,0,2,244,86,5,29,10,7,0,3,5,1,1,170456401,419843.3521,375000,2486121.08,5019,16,8661983,541373.9375,476150,NA
2017-03-01,Vancouver Island/Coast,POWELL RIVER,61,58,6,1,0,0,47,3,0,1,3,3,0,0,0,0,0,14567385.98,238809.6062,226000,194740.06,2380,NA,NA,NA,NA,NA
2017-03-01,Vancouver Island/Coast,STRATHCONA,105,96,5,0,0,6,73,9,0,3,4,1,0,3,5,0,0,44162167.15,420592.0681,275000,748326.29,3360,NA,NA,NA,NA,NA
2017-04-01,Cariboo,CARIBOO,174,144,47,0,2,1,90,3,0,1,8,6,0,2,3,19,0,33964272.66,195196.9693,162750,447551.52,1610,NA,NA,NA,NA,NA
2017-04-01,Cariboo,FRASER-FORT GEORGE,180,171,27,1,2,1,123,13,0,4,5,4,0,1,2,2,0,45786662.11,254370.3451,257250,548623.54,2765,NA,NA,NA,NA,NA
2017-04-01,Kootenay,CENTRAL KOOTENAY,103,93,18,1,0,1,55,17,0,1,5,4,0,1,2,2,1,25487505.96,247451.5142,232500,348563.3,2650,NA,NA,NA,NA,NA
2017-04-01,Kootenay,EAST KOOTENAY,188,180,10,2,4,1,105,53,1,4,2,1,0,1,5,0,1,45150312.62,240161.2373,228450,605841.62,2520,NA,NA,NA,NA,NA
2017-04-01,Kootenay,KOOTENAY BOUNDARY,114,108,17,2,2,0,66,19,1,1,2,2,0,0,2,2,0,29058770.76,254901.4979,199950,396227.68,1940,NA,NA,NA,NA,NA
2017-04-01,Mainland/Southwest,FRASER VALLEY,727,707,23,29,15,2,333,233,7,65,11,4,6,1,4,5,0,336220674.3,462476.856,390000,5065366.14,5200,10,6571366.66,657136.666,650000,NA
2017-04-01,Mainland/Southwest,METRO VANCOUVER,4315,4194,28,8,6,22,1356,2171,57,546,107,38,58,11,4,5,5,4282308100,992423.6617,619900,94103886.57,10160,113,177944116.1,1574726.691,681000,10319700.54
2017-04-01,Mainland/Southwest,SQUAMISH-LILLOOET,202,166,5,3,0,4,49,76,24,5,6,1,2,3,26,2,2,131579226.1,651382.3073,455000,2404535.14,6890,NA,NA,NA,NA,NA
2017-04-01,Mainland/Southwest,SUNSHINE COAST,82,79,11,0,0,0,59,8,0,1,2,1,0,1,1,0,0,42262727.32,515399.1137,453523.81,645213.58,5980,NA,NA,NA,NA,NA
2017-04-01,Nechako & North Coast,BULKLEY-NECHAKO,92,83,25,1,2,1,51,2,0,1,5,5,0,0,2,2,0,15805219.53,171795.8645,159500,196128.63,1595,NA,NA,NA,NA,NA
2017-04-01,Nechako & North Coast,KITIMAT-STIKINE,34,29,4,0,0,0,21,3,0,1,4,3,0,1,1,0,0,9401009,276500.2647,279000,130071.18,3580,NA,NA,NA,NA,NA
2017-04-01,Nechako & North Coast,NORTH COAST,24,21,0,0,0,1,18,1,0,1,3,3,0,0,0,0,0,9632233.33,401343.0554,267500,170441.33,3350,NA,NA,NA,NA,NA
2017-04-01,Northeast,NORTHERN ROCKIES-PEACE RIVER,149,112,24,0,2,1,66,12,2,5,7,5,0,2,0,10,20,45097857.08,302670.1817,247125,702284.03,2780,NA,NA,NA,NA,NA
2017-04-01,Rest of province,Rest of province,NA,NA,NA,NA,NA,NA,NA,NA,NA,NA,NA,NA,NA,NA,NA,NA,NA,NA,NA,NA,NA,NA,92,62015363.83,674080.0416,238750,NA
2017-04-01,Thompson/Okanagan,CENTRAL OKANAGAN,532,520,14,2,3,4,288,166,1,42,7,4,2,1,1,2,2,291941786.7,548762.7569,445000,4784072.97,6515,NA,NA,NA,NA,NA
2017-04-01,Thompson/Okanagan,COLUMBIA SHUSWAP,153,134,18,2,2,1,92,14,0,5,3,3,0,0,15,1,0,48707309.61,318348.4288,280000,680754.43,3200,NA,NA,NA,NA,NA
2017-04-01,Thompson/Okanagan,NORTH OKANAGAN,205,194,20,2,5,1,114,40,0,12,4,4,0,0,3,4,0,91006504.47,443934.1681,350000,1404812.57,4660,NA,NA,NA,NA,NA
2017-04-01,Thompson/Okanagan,OKANAGAN-SIMILKAMEEN,236,221,17,1,4,1,130,63,0,5,4,3,1,0,6,5,0,102252520.5,433273.3918,315000,1573957.5,3900,NA,NA,NA,NA,NA
2017-04-01,Thompson/Okanagan,THOMPSON-NICOLA,302,285,21,0,6,1,185,61,0,11,5,2,0,3,3,8,1,108995601.8,360912.5887,325700,1553789.29,4220,NA,NA,NA,NA,NA
2017-04-01,Unknown,UNKNOWN,61,58,0,0,0,0,5,7,6,40,1,0,0,1,2,0,0,36561933.42,599375.9577,394500,698809,5890,NA,NA,NA,NA,NA
2017-04-01,Vancouver Island/Coast,ALBERNI-CLAYOQUOT,146,130,20,1,1,1,95,7,3,2,2,1,0,1,14,0,0,44941653.48,307819.5444,247500,669168.66,2950,NA,NA,NA,NA,NA
2017-04-01,Vancouver Island/Coast,CAPITAL,816,797,28,5,4,13,334,260,9,144,12,1,8,3,3,3,1,507835264.2,622347.1374,462780.48,8511245.31,6774,32,19102407.28,596950.2275,476047.62,NA
2017-04-01,Vancouver Island/Coast,CENTRAL COAST-MOUNT WADDINGTON,27,23,7,0,0,1,13,2,0,0,3,2,0,1,0,0,1,7205084.06,266854.9652,209500,101377.51,2190,NA,NA,NA,NA,NA
2017-04-01,Vancouver Island/Coast,COMOX VALLEY,176,172,10,2,0,1,101,42,2,14,4,2,1,1,0,0,0,73076016.6,415204.6398,341750,1125111.02,4280,NA,NA,NA,NA,NA
2017-04-01,Vancouver Island/Coast,COWICHAN VALLEY,207,197,22,1,2,2,133,16,15,6,5,1,3,1,3,1,1,83548603.57,403616.4424,321000,1290447.28,4280,NA,NA,NA,NA,NA
2017-04-01,Vancouver Island/Coast,NANAIMO,383,372,20,1,3,3,228,81,10,26,5,4,0,1,6,0,0,158690997.7,414336.8085,384180,2305122.04,5100,12,5204500,433708.3333,458250,NA
2017-04-01,Vancouver Island/Coast,POWELL RIVER,45,42,5,0,0,0,33,3,0,1,0,0,0,0,1,1,1,12249047.55,272201.0567,264900,166055.99,3298,NA,NA,NA,NA,NA
2017-04-01,Vancouver Island/Coast,STRATHCONA,100,99,5,0,0,1,75,15,0,3,1,1,0,0,0,0,0,28901866.82,289018.6682,279500,365037.72,3205,NA,NA,NA,NA,NA
2017-05-01,Cariboo,CARIBOO,220,197,60,1,5,0,121,9,0,1,5,3,0,2,2,13,3,43404813.5,197294.6068,170000,558246.2,1700,NA,NA,NA,NA,NA
2017-05-01,Cariboo,FRASER-FORT GEORGE,278,265,30,2,3,2,207,19,0,2,3,2,0,1,4,3,3,69114523.56,248613.3941,234250,871726.64,2379,NA,NA,NA,NA,NA
2017-05-01,Kootenay,CENTRAL KOOTENAY,202,181,41,4,2,0,117,12,0,5,7,6,0,1,4,3,7,58218212.14,288208.971,230000,848407.13,2600,NA,NA,NA,NA,NA
2017-05-01,Kootenay,EAST KOOTENAY,263,243,21,0,2,4,171,41,0,4,6,5,0,1,11,0,3,82619390.34,314142.1686,287790.69,1189474.08,3601,NA,NA,NA,NA,NA
2017-05-01,Kootenay,KOOTENAY BOUNDARY,164,156,25,1,3,0,108,15,2,2,3,3,0,0,4,1,0,37147901,226511.5915,226750,462785.82,2440,NA,NA,NA,NA,NA
2017-05-01,Mainland/Southwest,FRASER VALLEY,1033,998,34,7,9,2,545,343,8,50,19,6,7,6,5,7,4,522140241.7,505460.0597,444852,8165918.31,6400,14,7694900,549635.7143,460000,NA
2017-05-01,Mainland/Southwest,METRO VANCOUVER,6875,6732,53,15,8,58,2106,3313,60,1119,117,36,68,13,13,5,8,6342517448,922547.9924,600000,135415488.1,9774,211,219414020.8,1039876.876,605000,15873934.34
2017-05-01,Mainland/Southwest,SQUAMISH-LILLOOET,271,244,5,4,0,2,89,101,31,12,3,1,1,1,22,1,1,191719248.8,707451.1027,475000,3512426.8,7500,NA,NA,NA,NA,NA
2017-05-01,Mainland/Southwest,SUNSHINE COAST,149,144,14,1,0,0,97,25,1,6,1,1,0,0,4,0,0,78212220.33,524914.2304,472152.38,1266345.38,7350,NA,NA,NA,NA,NA
2017-05-01,Nechako & North Coast,BULKLEY-NECHAKO,131,118,46,1,2,1,62,3,1,2,8,8,0,0,1,4,0,25961657.71,198180.5932,203100,322332.1,2000,NA,NA,NA,NA,NA
2017-05-01,Nechako & North Coast,KITIMAT-STIKINE,67,58,10,1,0,0,41,6,0,0,3,3,0,0,6,0,0,13948566,208187.5522,225000,180845.88,2500,NA,NA,NA,NA,NA
2017-05-01,Nechako & North Coast,NORTH COAST,40,38,4,0,0,0,32,1,1,0,2,2,0,0,0,0,0,8061550,201538.75,170000,107699.5,1700,NA,NA,NA,NA,NA
2017-05-01,Northeast,NORTHERN ROCKIES-PEACE RIVER,157,125,23,2,1,0,88,6,1,4,12,12,0,0,1,16,3,41563321.86,264734.5341,250000,588791.97,3000,NA,NA,NA,NA,NA
2017-05-01,Rest of province,Rest of province,NA,NA,NA,NA,NA,NA,NA,NA,NA,NA,NA,NA,NA,NA,NA,NA,NA,NA,NA,NA,NA,NA,117,77148179.41,659386.1488,370000,NA
2017-05-01,Thompson/Okanagan,CENTRAL OKANAGAN,730,715,15,5,4,1,369,279,4,38,7,1,2,4,3,4,1,372058461.9,509669.1259,455000,5817736.27,6840,13,7653700,588746.1538,450000,NA
2017-05-01,Thompson/Okanagan,COLUMBIA SHUSWAP,227,205,34,8,3,0,125,29,0,6,3,3,0,0,11,5,3,72166022,317911.9912,298000,1026670.36,3660,NA,NA,NA,NA,NA
2017-05-01,Thompson/Okanagan,NORTH OKANAGAN,294,281,23,2,6,4,171,69,0,6,8,7,0,1,3,1,1,110983596.6,377495.2266,346000,1598354.77,4500,NA,NA,NA,NA,NA
2017-05-01,Thompson/Okanagan,OKANAGAN-SIMILKAMEEN,379,351,26,3,4,3,197,93,1,24,7,3,3,1,11,9,1,144491279.9,381243.4825,320000,2145752.22,4206.33,NA,NA,NA,NA,NA
2017-05-01,Thompson/Okanagan,THOMPSON-NICOLA,455,434,34,8,5,3,298,67,0,19,12,6,1,5,5,1,3,157925513.5,347089.0407,320000,2166010.97,3950,NA,NA,NA,NA,NA
2017-05-01,Unknown,UNKNOWN,69,65,0,0,0,0,9,6,4,46,3,0,0,3,1,0,0,87196359.08,1263715.349,440000,1843273.59,7460,NA,NA,NA,NA,NA
2017-05-01,Vancouver Island/Coast,ALBERNI-CLAYOQUOT,259,239,27,2,1,3,180,15,6,5,9,4,2,3,8,1,2,97412052.24,376108.3098,290000,1497918.26,3700,NA,NA,NA,NA,NA
2017-05-01,Vancouver Island/Coast,CAPITAL,1106,1066,35,5,4,12,520,398,9,83,33,8,20,5,2,4,1,665310030.4,601546.1396,514950,10864222.07,7840,53,42472731.36,801372.2898,780000,NA
2017-05-01,Vancouver Island/Coast,CENTRAL COAST-MOUNT WADDINGTON,36,36,7,1,0,1,21,5,0,1,0,0,0,0,0,0,0,4116900,114358.3333,81000,48479,810,NA,NA,NA,NA,NA
2017-05-01,Vancouver Island/Coast,COMOX VALLEY,339,322,16,2,1,17,136,61,83,6,13,7,4,2,3,1,0,150569142.4,444156.7622,274900,2504200.12,3200,NA,NA,NA,NA,NA
2017-05-01,Vancouver Island/Coast,COWICHAN VALLEY,291,283,23,5,0,5,206,33,0,11,6,4,0,2,0,1,1,122386013.7,420570.4936,349000,1851683.78,4720,NA,NA,NA,NA,NA
2017-05-01,Vancouver Island/Coast,NANAIMO,553,538,21,4,1,11,318,120,32,31,11,2,5,4,2,1,1,224309165,405622.3599,365000,3294786.6,5000,28,18678207.43,667078.8368,626500,NA
2017-05-01,Vancouver Island/Coast,POWELL RIVER,68,63,3,0,1,1,55,3,0,0,3,3,0,0,0,0,2,17742547.88,260919.8218,258500,234782.48,3095,NA,NA,NA,NA,NA
2017-05-01,Vancouver Island/Coast,STRATHCONA,168,163,14,2,1,0,106,27,1,12,4,2,2,0,1,0,0,53162422.16,316442.989,300000,718530.81,3710,NA,NA,NA,NA,NA
2017-06-01,Cariboo,CARIBOO,294,267,83,1,8,1,163,8,0,3,11,10,0,1,6,8,2,66687266.19,226827.436,184000,903750.08,1840,NA,NA,NA,NA,NA
2017-06-01,Cariboo,FRASER-FORT GEORGE,370,359,60,2,1,4,254,28,2,8,6,5,0,1,4,1,0,107612213,290843.8189,260000,1432478.26,2900,NA,NA,NA,NA,NA
2017-06-01,Kootenay,CENTRAL KOOTENAY,219,209,49,2,2,1,141,11,0,3,2,2,0,0,4,4,0,64368358.27,293919.4442,272000,892025.2,3200,NA,NA,NA,NA,NA
2017-06-01,Kootenay,EAST KOOTENAY,280,265,23,1,1,0,177,58,0,5,4,2,0,2,9,1,1,82549745.23,294820.5187,258250,1172419.08,3100,NA,NA,NA,NA,NA
2017-06-01,Kootenay,KOOTENAY BOUNDARY,189,182,31,5,1,0,119,22,3,1,2,2,0,0,5,0,0,42315069.19,223889.255,215000,540909.62,2300,NA,NA,NA,NA,NA
2017-06-01,Mainland/Southwest,FRASER VALLEY,1285,1247,25,5,13,6,711,406,3,78,21,7,10,4,5,11,1,652975852.7,508152.4146,452000,9889560.35,6400,14,7038899,502778.5,476000,NA
2017-06-01,Mainland/Southwest,METRO VANCOUVER,7723,7529,49,22,12,50,2584,3571,33,1208,173,35,106,32,7,5,9,8016735707,1038033.887,686358.37,179922819.6,11780,239,461873160.8,1932523.685,830000,23984703.29
2017-06-01,Mainland/Southwest,SQUAMISH-LILLOOET,320,297,8,2,0,2,93,142,43,7,9,1,5,3,10,0,4,220150075.3,687968.9852,507000,4014162.86,8140,NA,NA,NA,NA,NA
2017-06-01,Mainland/Southwest,SUNSHINE COAST,156,148,21,2,0,1,99,22,2,1,3,0,1,2,3,0,2,107345128.1,688109.7956,475000,1946231.64,7500,NA,NA,NA,NA,NA
2017-06-01,Nechako & North Coast,BULKLEY-NECHAKO,118,103,31,3,1,0,68,0,0,0,9,9,0,0,3,3,0,28330833.78,240091.8117,205000,383252.52,2100,NA,NA,NA,NA,NA
2017-06-01,Nechako & North Coast,KITIMAT-STIKINE,50,45,17,0,0,1,22,4,0,1,5,4,0,1,0,0,0,8278283.46,165565.6692,128518.615,102606.66,1285.185,NA,NA,NA,NA,NA
2017-06-01,Nechako & North Coast,NORTH COAST,52,52,5,0,0,0,44,2,1,0,0,0,0,0,0,0,0,11498816.67,221131.0898,183350,151671.67,1833.5,NA,NA,NA,NA,NA
2017-06-01,Northeast,NORTHERN ROCKIES-PEACE RIVER,202,138,22,2,4,2,100,4,0,4,13,11,0,2,1,46,4,60744369.46,300714.7003,235000,914247,2275,NA,NA,NA,NA,NA
2017-06-01,Rest of province,Rest of province,NA,NA,NA,NA,NA,NA,NA,NA,NA,NA,NA,NA,NA,NA,NA,NA,NA,NA,NA,NA,NA,NA,118,53953895.95,457236.4064,283500,NA
2017-06-01,Thompson/Okanagan,CENTRAL OKANAGAN,848,838,22,3,8,3,468,281,5,48,6,1,3,2,2,2,0,490946560.5,578946.4157,514074.385,7910089.61,7650,15,6816588,454439.2,365000,NA
2017-06-01,Thompson/Okanagan,COLUMBIA SHUSWAP,326,315,49,3,2,1,210,41,0,9,2,2,0,0,6,3,0,108926072.8,334129.0576,306650,1531236.03,3945,NA,NA,NA,NA,NA
2017-06-01,Thompson/Okanagan,NORTH OKANAGAN,388,367,69,6,8,3,220,56,0,5,15,10,3,2,3,1,2,165829721.3,427396.1889,360300,2602112.71,4970,NA,NA,NA,NA,NA
2017-06-01,Thompson/Okanagan,OKANAGAN-SIMILKAMEEN,440,411,35,3,10,3,230,104,2,24,16,14,0,2,7,6,0,183483541.3,417008.0483,350000,2806530.9,4710,NA,NA,NA,NA,NA
2017-06-01,Thompson/Okanagan,THOMPSON-NICOLA,537,498,48,11,2,3,329,73,0,32,23,18,2,3,9,6,1,189124893.7,352187.8839,330000,2718085.96,4398,NA,NA,NA,NA,NA
2017-06-01,Unknown,UNKNOWN,57,48,0,0,0,0,10,4,3,31,3,0,0,3,2,1,3,22674742.81,397802.5054,317000,512880.29,4380,NA,NA,NA,NA,NA
2017-06-01,Vancouver Island/Coast,ALBERNI-CLAYOQUOT,250,231,33,2,1,1,170,18,3,3,7,2,0,5,12,0,0,92515828.98,370063.3159,308500,1385678.52,4000,NA,NA,NA,NA,NA
2017-06-01,Vancouver Island/Coast,CAPITAL,1356,1301,45,6,8,21,664,427,16,114,49,14,32,3,3,1,2,884026764.4,651937.1419,540000,15150644.63,8400,53,46898783.14,884882.7008,728000,NA
2017-06-01,Vancouver Island/Coast,CENTRAL COAST-MOUNT WADDINGTON,57,38,9,0,0,0,27,2,0,0,0,0,0,0,18,0,1,8422416.67,147761.696,86900,106024.17,869,NA,NA,NA,NA,NA
2017-06-01,Vancouver Island/Coast,COMOX VALLEY,298,289,23,2,2,0,180,69,2,11,8,4,3,1,0,0,1,128449590.8,431038.8954,373000,1944902.48,5200,NA,NA,NA,NA,NA
2017-06-01,Vancouver Island/Coast,COWICHAN VALLEY,338,332,30,2,4,0,237,43,0,16,3,3,0,0,1,0,2,134189353.7,397009.9223,379100,2019084.35,5355,NA,NA,NA,NA,NA
2017-06-01,Vancouver Island/Coast,NANAIMO,551,535,22,5,0,4,349,113,16,26,9,2,4,3,2,1,4,235069962.5,426624.2513,414900,3478563.54,5920,27,15795334.28,585012.3807,570000,NA
2017-06-01,Vancouver Island/Coast,POWELL RIVER,76,72,11,0,0,1,53,6,0,1,4,4,0,0,0,0,0,20627350,271412.5,248500,264112.5,2770,NA,NA,NA,NA,NA
2017-06-01,Vancouver Island/Coast,STRATHCONA,207,201,10,1,1,2,138,37,1,11,3,3,0,0,3,0,0,63927518.06,308828.5897,293000,821501.73,3440,NA,NA,NA,NA,NA
2017-07-01,Cariboo,CARIBOO,165,156,54,5,2,0,90,3,0,2,4,3,0,1,4,1,0,37488976.66,227205.9192,185000,515696.47,1850,NA,NA,NA,NA,NA
2017-07-01,Cariboo,FRASER-FORT GEORGE,288,274,32,1,1,1,213,20,2,4,10,9,0,1,2,0,2,81211508.8,281984.4056,274500,1045425.96,3023.37,NA,NA,NA,NA,NA
2017-07-01,Kootenay,CENTRAL KOOTENAY,185,173,29,3,0,1,127,8,0,5,3,1,0,2,3,5,1,57763813.57,312236.8301,235000,903056.57,2700,NA,NA,NA,NA,NA
2017-07-01,Kootenay,EAST KOOTENAY,249,234,24,2,1,1,154,47,4,1,8,6,0,2,5,1,1,73155363.76,293796.6416,260000,1034978.16,3200,NA,NA,NA,NA,NA
2017-07-01,Kootenay,KOOTENAY BOUNDARY,160,150,28,0,1,0,102,17,0,2,4,3,0,1,5,1,0,38267371.68,239171.073,223700,494273.79,2434,NA,NA,NA,NA,NA
2017-07-01,Mainland/Southwest,FRASER VALLEY,1201,1158,29,9,16,1,612,384,10,97,25,8,13,4,9,8,1,673718592,560964.6894,485000,10952036.17,7000,17,9889200,581717.6471,555500,NA
2017-07-01,Mainland/Southwest,METRO VANCOUVER,7381,7191,54,16,17,78,2417,3305,36,1268,150,41,92,17,1,6,33,7335517675,993837.9182,695000,159781860.6,11900,249,304866017.3,1224361.515,730000,21571569.8
2017-07-01,Mainland/Southwest,SQUAMISH-LILLOOET,244,227,8,1,1,0,87,97,21,12,3,0,2,1,10,2,2,202128855.7,828396.9497,605500,3776592.05,9740,NA,NA,NA,NA,NA
2017-07-01,Mainland/Southwest,SUNSHINE COAST,134,127,12,0,0,1,97,15,0,2,6,4,1,1,1,0,0,82846263.61,618255.6986,513095.24,1376162.69,8040,NA,NA,NA,NA,NA
2017-07-01,Nechako & North Coast,BULKLEY-NECHAKO,121,109,38,1,4,1,60,3,0,2,4,3,1,0,3,5,0,25895803.53,214014.9052,180000,344139.47,1800,NA,NA,NA,NA,NA
2017-07-01,Nechako & North Coast,KITIMAT-STIKINE,76,73,7,0,2,0,60,0,0,4,2,2,0,0,1,0,0,18077997.78,237868.3918,255750,221994.71,2850,NA,NA,NA,NA,NA
2017-07-01,Nechako & North Coast,NORTH COAST,44,38,2,0,0,0,34,0,0,2,4,4,0,0,0,0,2,8985586.98,204217.8859,154700,118564.73,1547,NA,NA,NA,NA,NA
2017-07-01,Northeast,NORTHERN ROCKIES-PEACE RIVER,168,130,25,5,3,0,93,1,2,1,6,4,0,2,3,27,2,43031594.11,256140.4411,243500,569578.58,2490,NA,NA,NA,NA,NA
2017-07-01,Rest of province,Rest of province,NA,NA,NA,NA,NA,NA,NA,NA,NA,NA,NA,NA,NA,NA,NA,NA,NA,NA,NA,NA,NA,NA,102,61443803.09,602390.2264,340000,NA
2017-07-01,Thompson/Okanagan,CENTRAL OKANAGAN,739,720,19,7,4,2,392,223,3,70,13,8,2,3,1,2,3,425898187.1,576316.8973,496952.38,6914126.41,7642,10,6521597,652159.7,634500,NA
2017-07-01,Thompson/Okanagan,COLUMBIA SHUSWAP,255,239,31,3,1,1,164,24,0,15,4,2,0,2,7,4,1,84362508.77,330833.3677,310000,1184259.27,3800,NA,NA,NA,NA,NA
2017-07-01,Thompson/Okanagan,NORTH OKANAGAN,341,327,25,4,9,1,210,73,0,5,6,6,0,0,1,7,0,161197248.5,472719.2038,389900,2581249.58,5700,NA,NA,NA,NA,NA
2017-07-01,Thompson/Okanagan,OKANAGAN-SIMILKAMEEN,338,320,34,2,5,2,179,82,3,13,6,3,1,2,5,7,0,143347118.9,424103.9019,386000,2178555.57,5500,NA,NA,NA,NA,NA
2017-07-01,Thompson/Okanagan,THOMPSON-NICOLA,470,450,26,8,9,1,301,74,0,31,6,4,1,1,3,8,3,171414028.4,364710.6988,350000,2455603.12,4790,NA,NA,NA,NA,NA
2017-07-01,Unknown,UNKNOWN,149,140,0,0,0,0,3,8,5,124,5,0,3,2,1,0,3,82449755.11,553354.0611,400000,1354839.15,6000,NA,NA,NA,NA,NA
2017-07-01,Vancouver Island/Coast,ALBERNI-CLAYOQUOT,229,219,37,3,2,0,161,13,1,2,4,2,0,2,5,1,0,91953948.78,401545.6279,315000,1436969.35,4270,NA,NA,NA,NA,NA
2017-07-01,Vancouver Island/Coast,CAPITAL,1075,1047,38,3,3,9,570,360,14,50,23,13,4,6,3,1,1,717392155.4,667341.5399,560000,12273284.45,9000,42,34582185.89,823385.3783,707450,NA
2017-07-01,Vancouver Island/Coast,CENTRAL COAST-MOUNT WADDINGTON,28,25,1,2,0,0,16,6,0,0,2,2,0,0,1,0,0,7445924.67,265925.8811,154800,120713.25,1548,NA,NA,NA,NA,NA
2017-07-01,Vancouver Island/Coast,COMOX VALLEY,324,313,25,3,1,0,201,67,2,14,3,2,1,0,4,2,2,138213946.7,426586.2552,398950,2068811.62,5655,NA,NA,NA,NA,NA
2017-07-01,Vancouver Island/Coast,COWICHAN VALLEY,301,294,33,5,6,1,207,34,0,8,3,3,0,0,1,3,0,132843719,441341.2591,409000,1994821.8,5684,NA,NA,NA,NA,NA
2017-07-01,Vancouver Island/Coast,NANAIMO,497,484,18,5,4,1,333,95,4,24,13,11,1,1,0,0,0,238457111.3,479792.9805,437000,3626011.12,6400,29,19975791.8,688820.4069,614500,NA
2017-07-01,Vancouver Island/Coast,POWELL RIVER,62,61,3,0,0,0,51,5,0,2,0,0,0,0,1,0,0,19915680.23,321220.6489,311000,269334.1,4100,NA,NA,NA,NA,NA
2017-07-01,Vancouver Island/Coast,STRATHCONA,166,163,12,3,0,0,120,24,0,4,2,2,0,0,1,0,0,55739144.81,335777.9808,326000,764899.08,4200,NA,NA,NA,NA,NA
2017-08-01,Cariboo,CARIBOO,212,196,62,2,2,0,119,6,0,5,2,1,0,1,7,5,2,49846581.45,235125.3842,197750,678105.15,1950,NA,NA,NA,NA,NA
2017-08-01,Cariboo,FRASER-FORT GEORGE,298,291,48,1,4,0,212,21,0,5,4,4,0,0,2,1,0,81119130.62,272211.8477,274000,1038677.63,3135,NA,NA,NA,NA,NA
2017-08-01,Kootenay,CENTRAL KOOTENAY,233,219,50,2,2,0,144,12,0,9,5,3,0,2,4,3,2,71601132.75,307300.9989,279000,1006230.76,3500,NA,NA,NA,NA,NA
2017-08-01,Kootenay,EAST KOOTENAY,324,300,34,6,1,2,192,59,0,6,19,13,0,6,4,1,0,96924521.12,299149.7565,265523.5,1379275.64,3245,NA,NA,NA,NA,NA
2017-08-01,Kootenay,KOOTENAY BOUNDARY,179,164,27,0,4,2,99,29,0,3,7,7,0,0,7,0,1,41603855.62,232423.7744,215000,541223.35,2300,NA,NA,NA,NA,NA
2017-08-01,Mainland/Southwest,FRASER VALLEY,1219,1192,50,7,26,7,627,398,4,73,16,5,9,2,5,4,2,722106251.4,592375.924,500000,12191195.31,7400,13,9283239.4,714095.3385,575000,NA
2017-08-01,Mainland/Southwest,METRO VANCOUVER,7837,7706,62,13,13,58,2464,3429,79,1588,100,31,49,20,12,8,11,7372635624,940747.1768,676900,156817719.6,11600,265,279539056.9,1054864.366,630900,21736517.64
2017-08-01,Mainland/Southwest,SQUAMISH-LILLOOET,231,218,8,1,2,0,87,81,26,13,2,0,2,0,7,0,4,184346285.9,798035.8698,610000,3393153.08,10150,NA,NA,NA,NA,NA
2017-08-01,Mainland/Southwest,SUNSHINE COAST,143,138,17,0,0,0,104,17,0,0,0,0,0,0,4,0,1,80985944.71,566335.2777,514000,1346754.41,8280,NA,NA,NA,NA,NA
2017-08-01,Nechako & North Coast,BULKLEY-NECHAKO,113,94,27,2,1,0,59,4,0,1,10,4,1,5,3,4,2,25354192.93,224373.3888,220000,343152.37,2400,NA,NA,NA,NA,NA
2017-08-01,Nechako & North Coast,KITIMAT-STIKINE,73,70,5,1,0,0,61,2,0,1,2,1,1,0,1,0,0,16679234.07,228482.6585,215000,214623.39,2210.6,NA,NA,NA,NA,NA
2017-08-01,Nechako & North Coast,NORTH COAST,43,42,1,1,0,0,39,1,0,0,0,0,0,0,0,0,1,9976700,232016.2791,247000,132278.7,2940,NA,NA,NA,NA,NA
2017-08-01,Northeast,NORTHERN ROCKIES-PEACE RIVER,149,123,26,1,4,0,81,5,5,1,5,5,0,0,1,18,2,40334885.18,270703.9274,254000,543718.33,2600,NA,NA,NA,NA,NA
2017-08-01,Rest of province,Rest of province,NA,NA,NA,NA,NA,NA,NA,NA,NA,NA,NA,NA,NA,NA,NA,NA,NA,NA,NA,NA,NA,NA,100,53468786.66,534687.8666,273450,NA
2017-08-01,Thompson/Okanagan,CENTRAL OKANAGAN,911,898,24,2,7,2,464,308,2,89,7,5,2,0,1,2,3,554835232,609039.7717,480000,9541603.1,7100,28,22079288,788546,564100,NA
2017-08-01,Thompson/Okanagan,COLUMBIA SHUSWAP,314,285,39,6,6,1,196,30,0,7,8,8,0,0,18,1,2,99892097.12,318127.6978,293500,1406608.77,3590,NA,NA,NA,NA,NA
2017-08-01,Thompson/Okanagan,NORTH OKANAGAN,339,327,24,1,6,1,204,74,0,17,3,2,1,0,5,1,3,146507104.7,432174.3502,379500,2168334.71,5280,NA,NA,NA,NA,NA
2017-08-01,Thompson/Okanagan,OKANAGAN-SIMILKAMEEN,439,411,30,6,11,7,231,90,0,36,12,7,1,4,9,5,2,192184980.7,437778.9994,356000,2993527.24,4980,NA,NA,NA,NA,NA
2017-08-01,Thompson/Okanagan,THOMPSON-NICOLA,476,451,17,5,8,4,316,84,2,15,8,8,0,0,6,8,3,191593034.4,402506.3747,334500,2920965.27,4260,NA,NA,NA,NA,NA
2017-08-01,Unknown,UNKNOWN,68,65,4,0,0,0,9,7,3,42,0,0,0,0,1,1,1,34583380.04,508579.1182,312250,588667.5,3955,NA,NA,NA,NA,NA
2017-08-01,Vancouver Island/Coast,ALBERNI-CLAYOQUOT,229,219,30,3,0,3,172,7,1,3,6,3,0,3,4,0,0,96419013.07,421043.7252,337000,1498350.72,4400,NA,NA,NA,NA,NA
2017-08-01,Vancouver Island/Coast,CAPITAL,1252,1227,52,5,3,11,651,417,8,80,22,8,8,6,1,2,0,861259534.3,687906.9763,581092.11,14734116.82,9145.475,49,39324976.09,802550.5324,738800,NA
2017-08-01,Vancouver Island/Coast,CENTRAL COAST-MOUNT WADDINGTON,39,37,10,0,0,0,22,5,0,0,1,1,0,0,1,0,0,6535000,167564.1026,148000,76156,1480,NA,NA,NA,NA,NA
2017-08-01,Vancouver Island/Coast,COMOX VALLEY,310,303,12,0,2,1,187,52,3,46,5,4,0,1,1,1,0,132025414.2,425888.4328,398750,1799083.91,5138,NA,NA,NA,NA,NA
2017-08-01,Vancouver Island/Coast,COWICHAN VALLEY,297,295,23,0,3,1,224,34,0,10,1,0,0,1,1,0,0,134398718.8,452520.9386,408000,2085340.94,5900,NA,NA,NA,NA,NA
2017-08-01,Vancouver Island/Coast,NANAIMO,582,569,20,5,3,2,366,132,15,26,7,5,0,2,3,2,1,250270607.9,430018.2267,402500,3637588.56,5600,19,11606766.66,610882.4558,668000,NA
2017-08-01,Vancouver Island/Coast,POWELL RIVER,66,59,2,0,1,0,47,4,0,5,5,4,0,1,1,0,1,18223311.63,276110.7823,269000,231415.77,3155,NA,NA,NA,NA,NA
2017-08-01,Vancouver Island/Coast,STRATHCONA,180,178,11,2,0,1,141,22,0,1,2,1,1,0,0,0,0,61871299.11,343729.4395,345125,820523.55,4525,NA,NA,NA,NA,NA
2017-09-01,Cariboo,CARIBOO,210,198,69,1,5,1,115,7,0,0,4,3,0,1,2,5,1,51262871.67,244108.9127,215000,703856.48,2300,NA,NA,NA,NA,NA
2017-09-01,Cariboo,FRASER-FORT GEORGE,316,297,32,2,2,2,190,20,0,49,8,5,0,3,1,10,0,81925529.91,259258.006,250000,985814.49,2615,NA,NA,NA,NA,NA
2017-09-01,Kootenay,CENTRAL KOOTENAY,209,198,36,3,4,0,127,13,0,15,2,2,0,0,7,2,0,57248136.35,273914.528,240000,777387.74,2400,NA,NA,NA,NA,NA
2017-09-01,Kootenay,EAST KOOTENAY,241,228,25,4,3,1,137,55,0,3,6,5,0,1,6,1,0,74206934.85,307912.5927,250000,1045969.82,2900,NA,NA,NA,NA,NA
2017-09-01,Kootenay,KOOTENAY BOUNDARY,189,178,20,4,5,0,118,29,1,1,3,3,0,0,7,0,1,46068776.43,243750.1398,199900,620623.02,1985,NA,NA,NA,NA,NA
2017-09-01,Mainland/Southwest,FRASER VALLEY,974,945,31,9,24,0,494,316,7,64,23,11,3,9,4,2,0,578944071,594398.4302,485000,9894504.81,7056,15,9540800,636053.3333,555000,NA
2017-09-01,Mainland/Southwest,METRO VANCOUVER,6220,6092,57,27,21,44,1741,2661,44,1497,119,33,53,33,5,2,2,6125331610,984780.0015,640000,141849141.8,10885,315,269308344.6,854947.1256,570000,24878313.54
2017-09-01,Mainland/Southwest,SQUAMISH-LILLOOET,269,250,9,3,4,1,72,96,22,43,6,1,4,1,12,0,1,188927193.3,702331.5736,560000,3275920.76,8720,NA,NA,NA,NA,NA
2017-09-01,Mainland/Southwest,SUNSHINE COAST,133,117,19,0,1,0,69,17,1,10,3,0,0,3,12,0,1,71781646.4,539711.6271,449000,1143201.06,6490,NA,NA,NA,NA,NA
2017-09-01,Nechako & North Coast,BULKLEY-NECHAKO,102,92,28,1,1,5,49,6,0,2,4,3,0,1,4,1,1,20205973.34,198097.7778,195000,260534.73,1950,NA,NA,NA,NA,NA
2017-09-01,Nechako & North Coast,KITIMAT-STIKINE,61,55,8,2,1,0,43,1,0,0,6,4,0,2,0,0,0,15056808.42,246832.9249,190250,203222.22,1870,NA,NA,NA,NA,NA
2017-09-01,Nechako & North Coast,NORTH COAST,32,29,2,1,0,0,24,2,0,0,3,3,0,0,0,0,0,6294000,196687.5,185000,80068,1875,NA,NA,NA,NA,NA
2017-09-01,Northeast,NORTHERN ROCKIES-PEACE RIVER,183,125,20,1,5,0,91,6,0,2,13,11,0,2,0,44,1,49983258.03,273132.5575,216812,730523.51,2200,NA,NA,NA,NA,NA
2017-09-01,Rest of province,Rest of province,NA,NA,NA,NA,NA,NA,NA,NA,NA,NA,NA,NA,NA,NA,NA,NA,NA,NA,NA,NA,NA,NA,100,53793288.04,537932.8804,376950,NA
2017-09-01,Thompson/Okanagan,CENTRAL OKANAGAN,730,712,20,6,3,2,350,220,2,109,11,4,2,5,0,3,4,419907165.3,575215.2949,473562.5,6819123.3,6801,11,13017800,1183436.364,552000,NA
2017-09-01,Thompson/Okanagan,COLUMBIA SHUSWAP,283,267,50,5,5,2,157,30,1,17,6,3,0,3,9,0,1,96079600.91,339503.8901,300000,1397998.2,3900,NA,NA,NA,NA,NA
2017-09-01,Thompson/Okanagan,NORTH OKANAGAN,276,268,20,4,6,1,165,58,0,14,6,3,1,2,0,2,0,130750921.9,473735.2243,390000,2041666.25,5660,NA,NA,NA,NA,NA
2017-09-01,Thompson/Okanagan,OKANAGAN-SIMILKAMEEN,352,328,30,6,4,1,173,72,3,39,3,2,0,1,6,15,0,147362536.8,418643.5703,360000,2189999.32,4579,NA,NA,NA,NA,NA
2017-09-01,Thompson/Okanagan,THOMPSON-NICOLA,430,420,25,1,4,1,305,58,0,26,6,5,0,1,1,1,2,150143031.1,349169.8397,339572.06,2015410.34,4300,NA,NA,NA,NA,NA
2017-09-01,Unknown,UNKNOWN,128,111,0,0,0,0,10,6,4,91,7,0,1,6,3,3,4,81967022.62,640367.3642,472500,1480274.29,7450,NA,NA,NA,NA,NA
2017-09-01,Vancouver Island/Coast,ALBERNI-CLAYOQUOT,225,216,29,1,3,2,159,15,3,4,3,2,0,1,4,1,1,104855400,466024,358000,1676626.5,4800,NA,NA,NA,NA,NA
2017-09-01,Vancouver Island/Coast,CAPITAL,968,954,48,6,5,11,436,321,3,124,8,4,0,4,1,3,2,603050652.5,622986.2113,499950,9733675.89,7600,48,31547724.5,657244.2604,512500,NA
2017-09-01,Vancouver Island/Coast,CENTRAL COAST-MOUNT WADDINGTON,49,44,4,0,0,1,30,9,0,0,3,3,0,0,1,0,1,7374466,150499.3061,134000,88678.66,1340,NA,NA,NA,NA,NA
2017-09-01,Vancouver Island/Coast,COMOX VALLEY,258,249,13,2,2,0,137,51,3,41,5,0,4,1,4,0,0,101653361.7,394005.2779,348900,1427777.89,4675,NA,NA,NA,NA,NA
2017-09-01,Vancouver Island/Coast,COWICHAN VALLEY,270,265,22,3,2,5,182,29,0,22,3,2,0,1,1,1,0,122511233.8,453745.3104,390000,1861090.06,5325,NA,NA,NA,NA,NA
2017-09-01,Vancouver Island/Coast,NANAIMO,449,435,14,3,2,3,298,81,9,25,11,8,1,2,3,0,0,200060627.1,445569.3255,427000,3023826.73,6200,22,17313960,786998.1818,562125,NA
2017-09-01,Vancouver Island/Coast,POWELL RIVER,117,93,20,0,0,1,67,3,0,2,1,0,1,0,1,0,22,36555324.67,312438.6724,270000,542303.86,2917.2,NA,NA,NA,NA,NA
2017-09-01,Vancouver Island/Coast,STRATHCONA,149,147,6,0,0,2,113,26,0,0,1,1,0,0,1,0,0,51093854.6,342911.7758,325000,712127.08,4360,NA,NA,NA,NA,NA
2017-10-01,Cariboo,CARIBOO,243,223,63,3,1,2,130,22,0,2,11,7,0,4,7,2,0,52435678.9,215784.6868,190000,677348.2,1850,NA,NA,NA,NA,NA
2017-10-01,Cariboo,FRASER-FORT GEORGE,301,279,49,0,1,1,176,17,0,35,11,6,0,5,2,9,0,90857596.43,301852.4798,254600,1231141.43,2680,NA,NA,NA,NA,NA
2017-10-01,Kootenay,CENTRAL KOOTENAY,193,179,38,6,1,0,105,27,0,2,7,6,0,1,2,4,1,58245079.61,301787.9773,240000,857117.23,2700,NA,NA,NA,NA,NA
2017-10-01,Kootenay,EAST KOOTENAY,251,234,15,5,0,1,146,55,0,12,3,3,0,0,12,0,2,70884940.29,282410.1207,245000,992840.43,2640,NA,NA,NA,NA,NA
2017-10-01,Kootenay,KOOTENAY BOUNDARY,184,173,24,2,2,0,109,31,2,3,1,0,0,1,9,1,0,49228080.26,267543.9145,230000,657203.44,2500,NA,NA,NA,NA,NA
2017-10-01,Mainland/Southwest,FRASER VALLEY,935,891,23,7,18,7,432,327,10,67,36,15,2,19,2,4,2,508797145.1,544168.0696,455000,8126114.35,6598,13,9514246.14,731865.0877,524000,NA
2017-10-01,Mainland/Southwest,METRO VANCOUVER,5760,5517,59,21,15,36,1710,2661,47,968,229,115,46,68,6,3,5,6092922014,1057798.961,684999.5,137851021.6,11600,190,217102431.2,1142644.375,699000,18924393.48
2017-10-01,Mainland/Southwest,SQUAMISH-LILLOOET,231,208,9,3,0,2,50,92,19,33,8,4,1,3,15,0,0,241696438.2,1046304.927,600000,5095376.32,9620,NA,NA,NA,NA,NA
2017-10-01,Mainland/Southwest,SUNSHINE COAST,128,124,21,0,0,0,85,16,0,2,1,1,0,0,3,0,0,73080823.95,570943.9371,502500,1203497.88,7990,NA,NA,NA,NA,NA
2017-10-01,Nechako & North Coast,BULKLEY-NECHAKO,132,112,26,2,2,1,74,4,0,3,7,6,0,1,3,10,0,31996199.99,242395.4545,174250,501746.42,1742.5,NA,NA,NA,NA,NA
2017-10-01,Nechako & North Coast,KITIMAT-STIKINE,59,52,5,2,0,2,40,2,1,0,3,3,0,0,0,0,4,11957787.14,202674.3583,165000,143756.3,1600,NA,NA,NA,NA,NA
2017-10-01,Nechako & North Coast,NORTH COAST,34,32,6,1,0,0,25,0,0,0,2,2,0,0,0,0,0,8017651,235813.2647,225000,108703.01,2500,NA,NA,NA,NA,NA
2017-10-01,Northeast,NORTHERN ROCKIES-PEACE RIVER,154,117,19,6,2,0,79,2,0,9,9,6,0,3,3,23,2,38826459.56,252119.8673,219865,534607.28,2275,NA,NA,NA,NA,NA
2017-10-01,Rest of province,Rest of province,NA,NA,NA,NA,NA,NA,NA,NA,NA,NA,NA,NA,NA,NA,NA,NA,NA,NA,NA,NA,NA,NA,85,115444857.7,1358174.796,335000,NA
2017-10-01,Thompson/Okanagan,CENTRAL OKANAGAN,689,667,18,1,8,4,342,193,2,99,12,9,2,1,2,2,6,401234319.3,582342.9889,499800,6588029.81,7500,13,8175900,628915.3846,455000,NA
2017-10-01,Thompson/Okanagan,COLUMBIA SHUSWAP,261,238,56,0,6,0,143,17,0,16,9,6,1,2,10,1,3,85513376.18,327637.4566,312500,1185160.17,3500,NA,NA,NA,NA,NA
2017-10-01,Thompson/Okanagan,NORTH OKANAGAN,294,283,21,2,6,0,173,63,0,18,6,4,2,0,3,2,0,118853816.6,404264.6821,374500,1774047.32,5380,NA,NA,NA,NA,NA
2017-10-01,Thompson/Okanagan,OKANAGAN-SIMILKAMEEN,342,308,28,4,4,3,152,83,2,32,16,10,0,6,7,8,3,158975358.4,464840.2292,342300,2617225.61,4710.7,NA,NA,NA,NA,NA
2017-10-01,Thompson/Okanagan,THOMPSON-NICOLA,445,405,26,7,4,9,273,49,0,37,10,8,0,2,10,11,9,171881186,386249.8562,325000,2693830.55,3800,NA,NA,NA,NA,NA
2017-10-01,Unknown,UNKNOWN,41,39,0,0,0,0,8,12,5,14,0,0,0,0,1,1,0,14473139.67,353003.4066,276500,204434.65,3500,NA,NA,NA,NA,NA
2017-10-01,Vancouver Island/Coast,ALBERNI-CLAYOQUOT,232,221,27,3,1,0,168,13,1,8,7,5,2,0,3,0,1,101184755.5,436141.1874,320000,1586302.03,4275,NA,NA,NA,NA,NA
2017-10-01,Vancouver Island/Coast,CAPITAL,797,771,31,7,3,16,385,275,7,47,24,17,4,3,1,1,0,628633400.2,788749.5611,580000,11815332.96,9284,37,25274483.05,683094.1365,670000,NA
2017-10-01,Vancouver Island/Coast,CENTRAL COAST-MOUNT WADDINGTON,59,56,3,0,0,0,31,22,0,0,2,1,0,1,1,0,0,9240590,156620.1695,95000,114959.9,950,NA,NA,NA,NA,NA
2017-10-01,Vancouver Island/Coast,COMOX VALLEY,242,235,19,1,1,0,142,50,8,14,6,3,3,0,0,1,0,98277092.36,406103.6874,377500,1392380.31,5000,NA,NA,NA,NA,NA
2017-10-01,Vancouver Island/Coast,COWICHAN VALLEY,264,251,23,7,0,1,171,34,1,14,9,4,4,1,0,3,1,121038711.7,458479.9686,392500,1891744.4,5550,NA,NA,NA,NA,NA
2017-10-01,Vancouver Island/Coast,NANAIMO,498,459,13,6,2,6,293,101,3,35,32,15,3,14,3,0,4,248960535.2,499920.7534,421950,3963207.87,5900,16,11030595.24,689412.2025,467500,NA
2017-10-01,Vancouver Island/Coast,POWELL RIVER,75,72,9,0,0,2,57,2,0,2,1,1,0,0,2,0,0,25375820.21,338344.2695,310500,357689.54,4100,NA,NA,NA,NA,NA
2017-10-01,Vancouver Island/Coast,STRATHCONA,164,160,22,3,1,0,104,25,0,5,2,2,0,0,1,0,1,56549468.59,344813.8329,300000,820185.67,3845,NA,NA,NA,NA,NA