trans_period,DevelopmentRegion,RegionalDistrict,no_mkt_trans,no_resid_trans,no_resid_acreage_trans,resid_comm_count,no_resid_farm,no_resid_fam,no_res_1fam,no_resid_strata,no_resid_non_strata,no_resid_other,no_comm_tot,no_comm_comm,no_comm_strata_nores,no_comm_other,no_recr_tot,no_farm_tot,no_unkn_tot,sum_FMV,mn_FMV,md_FMV,sum_PPT_paid,md_PPT
2016-06-01,Cariboo,CARIBOO,64,41,20,,1,,16,4,,,,,,,2,21,,11625343,181646,150000,148887.51,1500
2016-06-08,Cariboo,CARIBOO,45,40,14,2,3,,19,1,,1,2,2,,,1,2,,9047015,201044.8,175000,119627.05,1750
2016-06-15,Cariboo,CARIBOO,50,45,12,,2,4,24,1,,2,2,2,,,2,,1,14664389,293287.8,236500,211009.5,2730
2016-06-22,Cariboo,CARIBOO,137,117,35,1,5,2,71,1,,2,4,4,,,3,8,5,33479703,244377.4,232500,448915.22,2650
2016-07-01,Cariboo,CARIBOO,25,23,9,,2,,11,1,,,,,,,2,,,4000650,160026,157000,49179,1570
2016-07-08,Cariboo,CARIBOO,50,47,19,1,,,22,5,,,,,,,3,,,8190413,163808.3,119750,100881,1197.5
2016-07-15,Cariboo,CARIBOO,61,54,23,1,1,,28,,,1,5,3,,2,2,,,12712136,208395.7,198000,161625.36,1980
2016-07-22,Cariboo,CARIBOO,94,90,26,1,2,1,58,2,,,1,1,,,1,2,,21000039,223404.7,207500,274785.39,2150
2016-08-01,Cariboo,CARIBOO,31,25,11,,,,14,,,,,,,,,6,,6055800,195348.4,193000,74326,1930
2016-08-08,Cariboo,CARIBOO,37,36,11,,,,22,2,,1,1,1,,,,,,7085750,191506.8,196000,89058.5,1960
2016-08-15,Cariboo,CARIBOO,64,58,15,1,,,39,3,,,,,,,2,4,,14115079,220548.1,230500,188461.27,2610
2016-08-22,Cariboo,CARIBOO,77,73,23,,2,1,44,2,,1,,,,,2,2,,16464950,213830.5,215000,205512,2300
2016-09-01,Cariboo,CARIBOO,44,42,13,2,1,1,24,1,,,,,,,1,,1,7312511,166193.4,158500,83749.11,1585
2016-09-08,Cariboo,CARIBOO,24,22,8,,2,1,10,1,,,,,,,,2,,4042001,168416.7,128500,53640.01,1285
2016-09-15,Cariboo,CARIBOO,55,48,18,,1,,24,5,,,4,2,,2,1,1,1,9753550,177337.3,140000,123815.5,1400
2016-09-22,Cariboo,CARIBOO,85,82,15,1,1,1,47,1,,16,2,2,,,,1,,21067588,247854,210000,294873.74,2200
2016-10-01,Cariboo,CARIBOO,36,34,6,,,,23,1,,4,,,,,2,,,5402476,150068.8,112500,64634.76,1125
2016-10-08,Cariboo,CARIBOO,33,31,11,,2,,13,,1,4,,,,,,,2,6152072,186426.4,183700,76265.73,1837
2016-10-15,Cariboo,CARIBOO,37,34,7,,3,1,21,1,,1,2,,,2,1,,,6927523,187230.4,130000,90901.43,1300
2016-10-22,Cariboo,CARIBOO,60,59,17,,2,,13,3,,24,1,1,,,,,,17015117,283585.3,236000,246395.17,2720
2016-06-01,Cariboo,FRASER-FORT GEORGE,70,63,11,1,1,2,44,1,,3,7,4,,3,,,,19615252,280217.9,230000,246280.96,2340
2016-06-08,Cariboo,FRASER-FORT GEORGE,49,42,8,,,,31,2,,1,6,6,,,1,,,16346909,333610.4,272500,242673.49,3400
2016-06-15,Cariboo,FRASER-FORT GEORGE,65,62,12,,,1,42,7,,,2,2,,,,1,,17447001,268415.4,275000,219719.63,3400
2016-06-22,Cariboo,FRASER-FORT GEORGE,158,157,25,1,1,,116,10,,4,,,,,1,,,44126740,279283.2,258700,579128.01,3100
2016-07-01,Cariboo,FRASER-FORT GEORGE,46,44,12,,,,23,4,,5,,,,,2,,,12531271,272418.9,240000,154315,2750
2016-07-08,Cariboo,FRASER-FORT GEORGE,77,73,13,,,3,47,7,,3,1,1,,,2,1,,19510060,253377.4,260000,250110.2,3000
2016-07-15,Cariboo,FRASER-FORT GEORGE,74,70,10,,1,,41,3,,15,4,4,,,,,,20700191,279732.3,187500,323483.7,1772.5
2016-07-22,Cariboo,FRASER-FORT GEORGE,92,92,10,1,1,,71,7,,2,,,,,,,,23250710,252725.1,252750,290464.18,2940
2016-08-01,Cariboo,FRASER-FORT GEORGE,49,45,5,1,,1,34,2,,2,2,2,,,,,2,17219031,351408.8,246095.2,270739.62,2921.9
2016-08-08,Cariboo,FRASER-FORT GEORGE,39,38,12,,,,23,2,,1,,,,,,1,,8039000,206128.2,229900,102928,2598
2016-08-15,Cariboo,FRASER-FORT GEORGE,67,66,16,,1,,45,2,,2,1,,,1,,,,17851408,266438.9,248500,245412.37,2970
2016-08-22,Cariboo,FRASER-FORT GEORGE,123,116,17,,,,87,11,,1,2,2,,,5,,,28850198,234554.5,238000,360039.31,2640
2016-09-01,Cariboo,FRASER-FORT GEORGE,54,54,7,1,,,35,9,,2,,,,,,,,13277772,245884.7,223500,162513.42,2012.5
2016-09-08,Cariboo,FRASER-FORT GEORGE,47,46,6,,,,35,3,,2,,,,,1,,,11439771,243399.4,232500,145988.43,2650
2016-09-15,Cariboo,FRASER-FORT GEORGE,55,53,7,,,,42,3,,1,2,2,,,,,,13810136,251093.4,227900,172112.53,2400
2016-09-22,Cariboo,FRASER-FORT GEORGE,99,95,9,5,1,1,57,11,,11,2,1,,1,2,,,27322478,275984.6,262500,363060.88,3150
2016-10-01,Cariboo,FRASER-FORT GEORGE,50,47,7,,,,36,,,4,3,2,,1,,,,11385320,227706.4,241201.5,137929.58,2352.5
2016-10-08,Cariboo,FRASER-FORT GEORGE,67,62,20,,4,,30,4,,4,2,2,,,,2,1,16095434,240230.4,220000,209950.04,2400
2016-10-15,Cariboo,FRASER-FORT GEORGE,44,43,9,,,,30,2,,2,,,,,,,1,10821861,245951.4,257750,125853.44,2649
2016-10-22,Cariboo,FRASER-FORT GEORGE,95,89,10,1,,1,50,2,,25,6,2,,4,,,,26991545,284121.5,256500,362674.05,3000
2016-06-01,Kootenay,CENTRAL KOOTENAY,53,53,13,1,,2,32,3,,2,,,,,,,,14652791,276467.7,244000,204466.74,2800
2016-06-08,Kootenay,CENTRAL KOOTENAY,30,26,9,,,,15,1,,1,4,3,,1,,,,8847298,294909.9,265000,126805.22,3300
2016-06-15,Kootenay,CENTRAL KOOTENAY,39,38,12,3,1,,21,1,,,1,1,,,,,,9899115,253823.5,269000,131908.98,3380
2016-06-22,Kootenay,CENTRAL KOOTENAY,118,111,23,2,,1,75,9,,1,5,5,,,2,,,34079296,288807.6,240000,505389.96,2780
2016-07-01,Kootenay,CENTRAL KOOTENAY,18,18,3,2,,,12,1,,,,,,,,,,4346515,241473.1,257750,57636.65,3155
2016-07-08,Kootenay,CENTRAL KOOTENAY,45,44,12,,,,31,1,,,,,,,,1,,10094230,224316.2,210000,130028.52,2200
2016-07-15,Kootenay,CENTRAL KOOTENAY,44,42,15,1,1,,24,1,,,,,,,2,,,11012722,250289.1,205000,149928.92,2100
2016-07-22,Kootenay,CENTRAL KOOTENAY,91,91,15,,3,,65,7,,1,,,,,,,,23067287,253486.7,240000,313434.87,2800
2016-08-01,Kootenay,CENTRAL KOOTENAY,38,37,9,,,,24,4,,,1,1,,,,,,13140966,345814.9,331000,180851.8,4510
2016-08-08,Kootenay,CENTRAL KOOTENAY,24,24,5,2,,1,13,3,,,,,,,,,,5606450,233602.1,217500,72726,2350
2016-08-15,Kootenay,CENTRAL KOOTENAY,50,46,8,1,,,34,3,,,4,4,,,,,,15566100,311322,255000,222310.54,3075
2016-08-22,Kootenay,CENTRAL KOOTENAY,71,66,12,1,,,47,2,,4,1,1,,,2,,2,20009272,281820.7,278000,253291.44,3000
2016-09-01,Kootenay,CENTRAL KOOTENAY,31,30,6,,,,21,3,,,,,,,1,,,9812450,316530.6,354000,139296.5,5080
2016-09-08,Kootenay,CENTRAL KOOTENAY,27,27,3,,1,,22,1,,,,,,,,,,6939526,257019.5,220000,83557.57,2000
2016-09-15,Kootenay,CENTRAL KOOTENAY,45,44,7,,,2,26,5,,4,,,,,1,,,10039153,223092.3,192000,129499.53,1920
2016-09-22,Kootenay,CENTRAL KOOTENAY,67,65,14,4,,,30,6,,11,1,1,,,1,,,20878171,311614.5,302000,297544.39,4040
2016-10-01,Kootenay,CENTRAL KOOTENAY,33,27,6,,,,17,1,,3,1,1,,,4,,1,6483362,196465.5,150000,86696.61,1500
2016-10-08,Kootenay,CENTRAL KOOTENAY,27,26,5,1,,,18,2,,,,,,,1,,,6889674,255173.1,260000,86510.5,2960
2016-10-15,Kootenay,CENTRAL KOOTENAY,32,29,2,1,1,,13,2,,10,1,1,,,1,1,,9505175,297036.7,278750,116748.76,3372
2016-10-22,Kootenay,CENTRAL KOOTENAY,88,86,6,,,,29,3,,48,,,,,1,1,,29250131,332387.9,330500,341626.42,3591
2016-06-01,Kootenay,EAST KOOTENAY,49,45,3,1,,,28,12,,1,2,2,,,2,,,11637826,237506.7,200000,150347.02,2000
2016-06-08,Kootenay,EAST KOOTENAY,31,28,3,,,,20,4,,1,3,3,,,,,,8855150,285650,250000,128406.5,3000
2016-06-15,Kootenay,EAST KOOTENAY,62,59,2,,2,2,41,11,,1,1,,,1,2,,,15896615,256397,224000,216940.92,2480
2016-06-22,Kootenay,EAST KOOTENAY,99,95,5,1,,,71,16,,2,2,1,,1,2,,,27111891,273857.5,250000,371314.69,2930
2016-07-01,Kootenay,EAST KOOTENAY,25,21,,,,,16,4,,1,,,,,4,,,5275598,211023.9,187500,68260.98,1875
2016-07-08,Kootenay,EAST KOOTENAY,32,31,3,,,,18,9,,1,,,,,1,,,8287935,258998,247500,107509.35,2600
2016-07-15,Kootenay,EAST KOOTENAY,56,54,1,1,2,,37,6,,7,1,1,,,1,,,15194850,271336.6,245000,203583.5,2900
2016-07-22,Kootenay,EAST KOOTENAY,71,62,4,,,2,47,9,,,4,4,,,5,,,19622738,276376.6,243280,276161.96,2865.6
2016-08-01,Kootenay,EAST KOOTENAY,34,31,,,,,24,7,,,2,1,,1,,,1,17017650,500519.1,266250,322299.5,3325
2016-08-08,Kootenay,EAST KOOTENAY,21,17,1,,,1,13,2,,,2,1,,1,1,1,,5912061,281526.7,260000,85970.61,3200
2016-08-15,Kootenay,EAST KOOTENAY,56,54,2,,1,1,36,12,,2,1,1,,,1,,,14615030,260982.7,235750,195281.3,2470
2016-08-22,Kootenay,EAST KOOTENAY,58,55,4,,,2,30,14,1,4,2,1,,1,1,,,18440277,317935.8,226000,266767.77,2470
2016-09-01,Kootenay,EAST KOOTENAY,51,50,2,,,1,32,15,,,1,1,,,,,,14650822,287271,242500,200899.45,2850
2016-09-08,Kootenay,EAST KOOTENAY,30,30,1,1,1,,21,6,,,,,,,,,,7894876,263162.5,247750,107748.76,2955
2016-09-15,Kootenay,EAST KOOTENAY,37,35,3,1,1,,24,5,,1,,,,,2,,,11175400,302037.8,270000,163212.76,3400
2016-09-22,Kootenay,EAST KOOTENAY,95,87,3,1,1,,45,10,2,25,5,3,,2,2,,1,30013050,315926.8,263000,431984.5,3260
2016-10-01,Kootenay,EAST KOOTENAY,42,42,7,1,,,22,7,1,4,,,,,,,,10422653,248158.4,230000,146703.06,2600
2016-10-08,Kootenay,EAST KOOTENAY,68,63,4,,,,50,5,,4,2,2,,,2,,1,17005238,250077,230000,218721.41,2600
2016-10-15,Kootenay,EAST KOOTENAY,28,21,1,,,,9,5,,6,,,,,6,1,,5789985,206785.2,215000,74440.6,2300
2016-10-22,Kootenay,EAST KOOTENAY,68,65,2,,,,38,9,,16,3,2,,1,,,,19169905,281910.4,217700,265378.02,2274
2016-06-01,Kootenay,KOOTENAY BOUNDARY,29,28,4,1,2,,15,6,,,,,,,1,,,6580500,226913.8,217000,84294,2340
2016-06-08,Kootenay,KOOTENAY BOUNDARY,17,17,2,1,,,14,,,,,,,,,,,3793800,223164.7,206000,47943,2120
2016-06-15,Kootenay,KOOTENAY BOUNDARY,31,30,4,,,,21,5,,,1,1,,,,,,6695090,215970.6,225000,80287.9,2200
2016-06-22,Kootenay,KOOTENAY BOUNDARY,73,69,11,,,,51,5,1,1,1,1,,,2,1,,16633242,227852.6,195000,219852.42,1950
2016-07-01,Kootenay,KOOTENAY BOUNDARY,13,13,2,,1,,10,,,,,,,,,,,2301950,177073.1,180000,28434.5,1800
2016-07-08,Kootenay,KOOTENAY BOUNDARY,14,12,2,,,,9,1,,,1,1,,,1,,,3149000,224928.6,234000,38620,2680
2016-07-15,Kootenay,KOOTENAY BOUNDARY,31,30,6,1,,,18,5,,,,,,,1,,,6290591,202922.3,198643.4,74259.88,1986.43
2016-07-22,Kootenay,KOOTENAY BOUNDARY,43,39,5,,,,28,4,,2,1,,,1,3,,,10739489,249755.6,210000,148047.78,2200
2016-08-01,Kootenay,KOOTENAY BOUNDARY,11,10,1,,,,7,2,,,1,1,,,,,,1899000,172636.4,149500,22280,1495
2016-08-08,Kootenay,KOOTENAY BOUNDARY,18,15,5,,,1,9,,,,3,3,,,,,,4089200,227177.8,231750,51017,2635
2016-08-15,Kootenay,KOOTENAY BOUNDARY,20,20,1,,,,16,2,,1,,,,,,,,5028667,251433.3,161250,71156.67,1612.5
2016-08-22,Kootenay,KOOTENAY BOUNDARY,41,38,5,,,,29,4,,,3,3,,,,,,8251000,201243.9,170000,103900,1700
2016-09-01,Kootenay,KOOTENAY BOUNDARY,17,14,,,,,13,1,,,3,3,,,,,,3437700,202217.6,182000,43267,1820
2016-09-08,Kootenay,KOOTENAY BOUNDARY,10,10,1,,,,9,,,,,,,,,,,2794200,279420,213750,41693,2387.5
2016-09-15,Kootenay,KOOTENAY BOUNDARY,15,14,,,,,14,,,,,,,,1,,,2651037,176735.8,149236.5,30264.37,970
2016-09-22,Kootenay,KOOTENAY BOUNDARY,44,39,2,,,,26,4,,7,4,1,,3,1,,,10057045,228569.2,197500,133234.9,1975
2016-10-01,Kootenay,KOOTENAY BOUNDARY,10,9,,,,,9,,,,1,,,1,,,,1577800,157780,152000,13218,1371.5
2016-10-08,Kootenay,KOOTENAY BOUNDARY,25,25,3,,,,20,,,2,,,,,,,,4831117,193244.7,180000,57912.84,1800
2016-10-15,Kootenay,KOOTENAY BOUNDARY,15,13,2,,,,11,,,,1,1,,,,,1,2747500,183166.7,138000,33685,1380
2016-10-22,Kootenay,KOOTENAY BOUNDARY,29,27,1,1,,,16,,,9,1,1,,,1,,,5615714,193645.3,173000,69091.14,1730
2016-06-01,Mainland/Southwest,FRASER VALLEY,218,211,13,1,4,,135,50,1,7,,,,,3,4,,99634065,457037,416250,1517628.17,5870
2016-06-08,Mainland/Southwest,FRASER VALLEY,171,167,7,3,3,,90,43,1,20,4,3,1,,,,,79175402,463014,365000,1201376.51,4803.42
2016-06-15,Mainland/Southwest,FRASER VALLEY,276,271,12,2,6,,168,71,,12,2,2,,,3,,,123731443,448302.3,412750,1841612.14,5808.455
2016-06-22,Mainland/Southwest,FRASER VALLEY,863,847,22,6,20,4,536,226,2,31,10,7,,3,3,3,,433147975,501909.6,450000,6909595.45,6600
2016-07-01,Mainland/Southwest,FRASER VALLEY,241,228,7,,9,,148,53,1,10,8,5,2,1,5,,,98752478,409761.3,389000,1510548.45,5500
2016-07-08,Mainland/Southwest,FRASER VALLEY,274,269,9,1,3,3,166,72,2,13,1,1,,,3,1,,132071578,482013.1,439450,2025286.76,5916.5
2016-07-15,Mainland/Southwest,FRASER VALLEY,254,239,8,1,2,3,139,57,5,24,10,8,,2,5,,,117334385,461946.4,400000,1748409.22,5025
2016-07-22,Mainland/Southwest,FRASER VALLEY,662,649,19,,5,,409,188,,28,8,5,,3,,5,,314427588,474966.1,439950,4785516.57,6349
2016-08-01,Mainland/Southwest,FRASER VALLEY,219,210,6,,5,1,130,51,,17,5,3,1,1,2,2,,125693156,573941.4,380000,2182449.63,5170
2016-08-08,Mainland/Southwest,FRASER VALLEY,175,172,12,7,4,,86,53,2,8,,,,,3,,,82904543,473740.2,436000,1282289.66,6300
2016-08-15,Mainland/Southwest,FRASER VALLEY,238,234,3,1,4,2,142,73,,9,4,3,1,,,,,107591274,452064.2,432000,1612295.48,5970
2016-08-22,Mainland/Southwest,FRASER VALLEY,697,677,30,6,12,,413,191,1,24,9,5,,4,3,5,3,360662896,517450.4,454285.7,5758243.02,6798
2016-09-01,Mainland/Southwest,FRASER VALLEY,201,185,6,1,2,,114,51,,11,6,2,1,3,7,2,1,94361805,469461.7,410000,1489263.92,6000
2016-09-08,Mainland/Southwest,FRASER VALLEY,161,151,7,1,5,1,83,45,,9,5,3,1,1,4,1,,89717627,557252.3,420000,1584569.69,6400
2016-09-15,Mainland/Southwest,FRASER VALLEY,206,197,9,,3,,95,45,,45,2,2,,,1,6,,106396013,516485.5,370000,1677974.98,4949
2016-09-22,Mainland/Southwest,FRASER VALLEY,526,519,14,3,9,1,234,131,1,126,4,1,3,,1,1,1,240173163,456603,397500,3594679.04,5627
2016-10-01,Mainland/Southwest,FRASER VALLEY,159,152,11,6,3,1,57,29,1,44,5,4,,1,1,1,,92821246,583781.4,393000,1583955.62,4200
2016-10-08,Mainland/Southwest,FRASER VALLEY,213,167,5,2,4,,75,48,1,32,35,,2,33,9,2,,100336116,471061.6,395642.4,1508561.7,5000
2016-10-15,Mainland/Southwest,FRASER VALLEY,139,137,2,1,4,,64,41,,25,1,1,,,,1,,77900499,560435.2,399100,1355668.8,4700
2016-10-22,Mainland/Southwest,FRASER VALLEY,455,405,7,,3,1,149,100,2,143,3,1,,2,,19,28,184991149,406574,371000,2609432.59,4750
2016-06-01,Mainland/Southwest,METRO VANCOUVER,1524,1476,14,,,10,554,591,7,300,44,16,15,13,1,3,,1856513623,1218184.8,600900,39339726.7,9740
2016-06-08,Mainland/Southwest,METRO VANCOUVER,1216,1178,8,4,,14,437,480,5,230,37,18,13,6,,,1,1240796859,1020392.2,624000,24579490.17,10178
2016-06-15,Mainland/Southwest,METRO VANCOUVER,1832,1787,15,1,,14,693,768,12,284,36,7,19,10,1,7,1,1996399603,1089737.8,636500,40568660.46,10557.36
2016-06-22,Mainland/Southwest,METRO VANCOUVER,4720,4634,61,11,16,36,2168,1972,21,349,76,31,33,12,2,3,5,5056683260,1071331.2,728238.1,99455607.03,12500
2016-07-01,Mainland/Southwest,METRO VANCOUVER,1378,1360,4,1,4,17,562,618,11,143,17,9,5,3,1,,,1494089439,1084244.9,700250,29990310.25,11779
2016-07-08,Mainland/Southwest,METRO VANCOUVER,1774,1740,13,4,5,11,610,639,3,455,28,9,16,3,1,2,3,1579742993,890497.7,589450,28826794.91,9200
2016-07-15,Mainland/Southwest,METRO VANCOUVER,1586,1553,12,9,3,19,624,635,13,238,23,9,8,6,,,10,1565037313,986782.7,680490,29720159.72,11468.15
2016-07-22,Mainland/Southwest,METRO VANCOUVER,4302,4233,42,5,13,27,1860,1872,15,399,63,11,35,17,,1,5,4601509410,1069621,714894,90550661.94,12180
2016-08-01,Mainland/Southwest,METRO VANCOUVER,1183,1155,14,,1,8,438,527,9,158,26,6,14,6,2,,,1190341241,1006205.6,638750,23322911.21,10700
2016-08-08,Mainland/Southwest,METRO VANCOUVER,1007,981,6,6,1,8,395,417,11,137,24,8,11,5,1,,1,1053777286,1046452.1,663900,21141798.43,11020
2016-08-15,Mainland/Southwest,METRO VANCOUVER,1526,1506,13,5,7,14,531,649,19,268,18,2,10,6,,1,1,1389630548,910636,626500,26141236.41,10149
2016-08-22,Mainland/Southwest,METRO VANCOUVER,3378,3306,35,12,17,27,1341,1516,13,345,59,17,32,10,,8,5,3237890005,958522.8,668278,63087242.76,11300
2016-09-01,Mainland/Southwest,METRO VANCOUVER,1024,995,7,1,1,14,330,490,9,143,26,8,16,2,1,2,,959894315,937396.8,582595,19500838.89,9010
2016-09-08,Mainland/Southwest,METRO VANCOUVER,912,896,11,2,6,13,289,418,12,145,10,3,4,3,1,4,1,796218121,873046.2,589900,15404058.06,9201.01
2016-09-15,Mainland/Southwest,METRO VANCOUVER,1155,1089,26,3,4,8,397,470,11,170,60,30,13,17,3,1,2,1241879230,1075220.1,622000,27273165.11,10400
2016-09-22,Mainland/Southwest,METRO VANCOUVER,2777,2664,22,5,10,15,791,1185,13,623,108,63,21,24,1,3,1,3013571594,1085189.6,585000,65690765.36,9500
2016-10-01,Mainland/Southwest,METRO VANCOUVER,796,765,5,5,1,11,225,309,5,204,28,8,11,9,,1,2,732055407,919667.6,567499.5,15135468.13,9000
2016-10-08,Mainland/Southwest,METRO VANCOUVER,796,771,3,2,2,6,229,333,4,192,19,1,12,6,,,6,627638613,788490.7,520000,13231900.6,8279
2016-10-15,Mainland/Southwest,METRO VANCOUVER,1123,1099,6,1,3,10,208,344,6,521,19,6,8,5,,,5,830971891,739957.2,479566.5,17786263.04,7050
2016-10-22,Mainland/Southwest,METRO VANCOUVER,2124,2059,10,2,3,8,409,674,8,945,58,6,7,45,3,1,3,1776006197,836161.1,526845,38794354.96,8100
2016-06-01,Mainland/Southwest,SQUAMISH-LILLOOET,51,42,2,1,,,19,15,5,,1,,1,,8,,,42637887,836037,557500,848067.78,9150
2016-06-08,Mainland/Southwest,SQUAMISH-LILLOOET,42,33,3,,,,13,13,4,,1,1,,,8,,,25991999,618857.1,497925,476903.49,7958.5
2016-06-15,Mainland/Southwest,SQUAMISH-LILLOOET,67,56,2,2,1,,16,28,5,2,2,1,1,,9,,,56690688,846129.7,454000,1145804.76,7080
2016-06-22,Mainland/Southwest,SQUAMISH-LILLOOET,171,163,6,,,,68,64,23,2,2,,2,,5,,1,104449398,610815.2,474000,1826200.43,7480
2016-07-01,Mainland/Southwest,SQUAMISH-LILLOOET,51,44,2,6,,,14,13,4,5,2,,1,1,4,1,,21023775,412230.9,339000,337747.75,4780
2016-07-08,Mainland/Southwest,SQUAMISH-LILLOOET,62,34,1,1,,,19,9,3,1,26,,26,,2,,,37569183,605954.6,462727.5,628908.26,7254.55
2016-07-15,Mainland/Southwest,SQUAMISH-LILLOOET,57,54,1,,,1,19,16,6,11,,,,,3,,,30129068,528580.1,385000,469172.44,4900
2016-07-22,Mainland/Southwest,SQUAMISH-LILLOOET,115,108,8,,,1,36,55,6,2,3,1,2,,3,1,,69766457,606664.8,459000,1196600.85,7180
2016-08-01,Mainland/Southwest,SQUAMISH-LILLOOET,53,53,2,,,1,17,17,1,15,,,,,,,,33552000,633056.6,427000,578425,6540
2016-08-08,Mainland/Southwest,SQUAMISH-LILLOOET,42,36,1,,,,13,13,5,4,2,,1,1,2,2,,29195276,695125.6,624166.7,501334.57,9865
2016-08-15,Mainland/Southwest,SQUAMISH-LILLOOET,58,52,3,,,,18,23,2,6,2,,2,,,4,,46169540,796026.5,506388.5,884098.84,8000
2016-08-22,Mainland/Southwest,SQUAMISH-LILLOOET,120,114,5,2,1,,44,48,7,7,2,,2,,3,,1,87625478,730212.3,485000,1600782.6,7600
2016-09-01,Mainland/Southwest,SQUAMISH-LILLOOET,64,61,5,,1,,22,19,9,5,1,,1,,2,,,33319100,520610.9,435000,536346,6150
2016-09-08,Mainland/Southwest,SQUAMISH-LILLOOET,48,44,1,,1,,14,16,5,7,1,1,,,3,,,30102417,627133.7,437400,504345.17,6748
2016-09-15,Mainland/Southwest,SQUAMISH-LILLOOET,53,49,1,,2,,12,28,6,,3,1,1,1,1,,,29986008,565773.7,420000,507416.95,6400
2016-09-22,Mainland/Southwest,SQUAMISH-LILLOOET,105,97,6,,,,19,46,18,8,2,1,,1,4,,2,67086350,638917.6,429000,1235173.48,6580
2016-10-01,Mainland/Southwest,SQUAMISH-LILLOOET,58,53,2,3,,,21,16,3,8,3,1,,2,2,,,37891461,653301,427017.2,636233.95,5719
2016-10-08,Mainland/Southwest,SQUAMISH-LILLOOET,39,39,2,1,1,,12,14,5,4,,,,,,,,22370784,573609.8,475000,383240.68,7500
2016-10-15,Mainland/Southwest,SQUAMISH-LILLOOET,39,35,5,,,,4,14,10,2,1,,,1,3,,,18356637,470683,320000,299633.75,4400
2016-10-22,Mainland/Southwest,SQUAMISH-LILLOOET,100,90,7,1,,,18,24,8,32,2,,1,1,8,,,58585926,585859.3,419500,1022867.72,6336.605
2016-06-01,Mainland/Southwest,SUNSHINE COAST,36,35,2,,,,25,3,,5,,,,,1,,,14947271,415202,305000,223560,3650
2016-06-08,Mainland/Southwest,SUNSHINE COAST,40,36,4,,,,28,2,,2,1,1,,,2,,1,17932200,448305,329000,292961.5,4580
2016-06-15,Mainland/Southwest,SUNSHINE COAST,53,51,8,,,1,36,6,,,,,,,,,2,23364319,440836.2,389000,353114.48,5500
2016-06-22,Mainland/Southwest,SUNSHINE COAST,137,128,15,,1,,87,19,2,4,3,3,,,6,,,62003945,452583.5,380000,965673.19,5500
2016-07-01,Mainland/Southwest,SUNSHINE COAST,44,41,6,,,,30,5,,,,,,,2,,1,20919110,475434.3,421300,327541.77,6341
2016-07-08,Mainland/Southwest,SUNSHINE COAST,43,42,7,,,,29,5,,1,1,1,,,,,,18911340,439798.6,369000,290988.9,4990
2016-07-15,Mainland/Southwest,SUNSHINE COAST,39,37,5,1,,1,26,3,1,,,,,,2,,,17652953,452639.8,389000,277095.59,5780
2016-07-22,Mainland/Southwest,SUNSHINE COAST,91,89,10,1,,,65,11,,2,,,,,2,,,45096179,495562.4,419500,720515.73,6300
2016-08-01,Mainland/Southwest,SUNSHINE COAST,29,29,1,2,,1,19,3,,3,,,,,,,,19215153,662591.5,484000,324985,7680
2016-08-08,Mainland/Southwest,SUNSHINE COAST,22,22,1,,,,14,4,,3,,,,,,,,8741905,397359.3,346750,129510,4935
2016-08-15,Mainland/Southwest,SUNSHINE COAST,34,34,1,,,,24,9,,,,,,,,,,15515744,456345.4,399950,224225.32,5549
2016-08-22,Mainland/Southwest,SUNSHINE COAST,57,57,3,,,,42,10,,2,,,,,,,,27119071,475773.2,380000,376983,5235
2016-09-01,Mainland/Southwest,SUNSHINE COAST,16,12,4,,,,7,1,,,3,2,,1,1,,,5639640,352477.5,349500,76131.81,4320
2016-09-08,Mainland/Southwest,SUNSHINE COAST,18,18,2,,,,14,2,,,,,,,,,,11131050,618391.7,508750,184108,8175
2016-09-15,Mainland/Southwest,SUNSHINE COAST,35,34,3,,,,27,4,,,,,,,1,,,15342693,438362.7,415500,231340.62,6100
2016-09-22,Mainland/Southwest,SUNSHINE COAST,62,58,5,3,,,33,5,,12,2,1,,1,,2,,44379843,715803.9,462500,835147.28,7100
2016-10-01,Mainland/Southwest,SUNSHINE COAST,14,14,3,,,,8,2,,1,,,,,,,,6539298,467092.7,494750,100070,7895
2016-10-08,Mainland/Southwest,SUNSHINE COAST,20,20,2,,,,11,5,,2,,,,,,,,9238772,461938.6,404750,135264.5,5599
2016-10-15,Mainland/Southwest,SUNSHINE COAST,16,15,1,,,,8,5,,1,,,,,1,,,6969900,435618.8,403750,107498,6075
2016-10-22,Mainland/Southwest,SUNSHINE COAST,25,23,,,,,7,3,,13,,,,,,1,1,13857361,554294.4,422500,237637.22,6450
2016-06-01,Nechako & North Coast,BULKLEY-NECHAKO,22,20,10,,,,9,,,1,2,2,,,,,,2562800,116490.9,86514,29613,865.14
2016-06-08,Nechako & North Coast,BULKLEY-NECHAKO,22,17,10,,,,7,,,,3,2,,1,2,,,3333020,151500.9,134500,38505.2,1345
2016-06-15,Nechako & North Coast,BULKLEY-NECHAKO,23,22,10,,1,1,8,1,,1,,,,,1,,,3513980,152781.7,88500,44124.8,885
2016-06-22,Nechako & North Coast,BULKLEY-NECHAKO,64,60,20,,3,2,31,2,,2,,,,,1,2,1,13656947,213389.8,202000,175331.86,1902
2016-07-01,Nechako & North Coast,BULKLEY-NECHAKO,12,11,2,1,,,8,,,,,,,,,1,,2143625,178635.4,173950,24996,1764
2016-07-08,Nechako & North Coast,BULKLEY-NECHAKO,20,19,8,,,,10,,,1,,,,,1,,,3125450,156272.5,163750,36732.5,1637.5
2016-07-15,Nechako & North Coast,BULKLEY-NECHAKO,42,37,15,,,,21,,,1,1,1,,,,3,1,7598500,180916.7,167450,95560.5,1674.5
2016-07-22,Nechako & North Coast,BULKLEY-NECHAKO,44,39,18,3,2,,15,,,1,4,4,,,,1,,7071490,160715.7,117500,87117.28,1040
2016-08-01,Nechako & North Coast,BULKLEY-NECHAKO,18,16,5,1,,,10,,,,1,1,,,,,1,5451117,302839.8,220000,80442.35,2400
2016-08-08,Nechako & North Coast,BULKLEY-NECHAKO,22,21,7,,3,,10,1,,,,,,,1,,,4602140,209188.2,207120,58059.8,1675
2016-08-15,Nechako & North Coast,BULKLEY-NECHAKO,29,29,9,2,,,18,,,,,,,,,,,6048304,208562.2,195000,75519.49,1950
2016-08-22,Nechako & North Coast,BULKLEY-NECHAKO,43,43,15,5,,,22,,,1,,,,,,,,7595500,176639.5,175000,92915,1750
2016-09-01,Nechako & North Coast,BULKLEY-NECHAKO,21,20,7,,1,,12,,,,,,,,,1,,4756050,226478.6,227000,59890.5,2540
2016-09-08,Nechako & North Coast,BULKLEY-NECHAKO,21,21,5,,1,2,12,,,1,,,,,,,,3504900,166900,165000,38568,1650
2016-09-15,Nechako & North Coast,BULKLEY-NECHAKO,21,19,8,,,,9,,,2,1,1,,,,1,,3062400,145828.6,144000,35734,1440
2016-09-22,Nechako & North Coast,BULKLEY-NECHAKO,51,44,10,3,1,,21,,,9,1,,,1,1,2,3,8409802,164898.1,140000,106423.54,1400
2016-10-01,Nechako & North Coast,BULKLEY-NECHAKO,15,15,4,,,,11,,,,,,,,,,,2390415,159361,145000,28984.15,1450
2016-10-08,Nechako & North Coast,BULKLEY-NECHAKO,15,14,4,,,,9,,,1,1,1,,,,,,3419250,227950,245900,43994,2918
2016-10-15,Nechako & North Coast,BULKLEY-NECHAKO,10,8,1,,,,6,,,1,,,,,2,,,1770231,177023.1,163350,21386.12,1683.5
2016-10-22,Nechako & North Coast,BULKLEY-NECHAKO,31,27,4,,2,,13,,,8,3,,,3,,1,,8340915,269061.8,205000,120822.15,2100
2016-06-01,Nechako & North Coast,KITIMAT-STIKINE-NORTH COAST,39,32,1,1,,1,27,2,,,7,7,,,,,,7341467,188242.7,105000,91212.17,950
2016-06-08,Nechako & North Coast,KITIMAT-STIKINE-NORTH COAST,18,17,5,,,,12,,,,1,1,,,,,,3173740,176318.9,169000,40917.3,1690
2016-06-15,Nechako & North Coast,KITIMAT-STIKINE-NORTH COAST,21,20,1,,,,17,1,,1,1,1,,,,,,6726250,320297.6,315000,98132.5,4300
2016-06-22,Nechako & North Coast,KITIMAT-STIKINE-NORTH COAST,63,62,12,,1,,47,1,1,,,,,,1,,,15019625,238406.7,250000,197459.6,3000
2016-07-01,Nechako & North Coast,KITIMAT-STIKINE-NORTH COAST,13,13,,,,,11,1,,1,,,,,,,,3191733,245517.9,220000,41714.65,2400
2016-07-08,Nechako & North Coast,KITIMAT-STIKINE-NORTH COAST,25,25,3,,,,21,1,,,,,,,,,,5566796,222671.8,225000,76045.46,2500
2016-07-15,Nechako & North Coast,KITIMAT-STIKINE-NORTH COAST,17,17,,1,,,14,2,,,,,,,,,,3570400,210023.5,198000,47194,1980
2016-07-22,Nechako & North Coast,KITIMAT-STIKINE-NORTH COAST,52,49,1,1,,,46,1,,,1,1,,,2,,,12177399,234180.8,227450,158577.98,2549
2016-08-01,Nechako & North Coast,KITIMAT-STIKINE-NORTH COAST,11,9,,,,,9,,,,2,2,,,,,,3422600,311145.5,265000,50155,3300
2016-08-08,Nechako & North Coast,KITIMAT-STIKINE-NORTH COAST,21,18,1,,,,16,1,,,3,3,,,,,,7216500,343642.9,205000,114580,2100
2016-08-15,Nechako & North Coast,KITIMAT-STIKINE-NORTH COAST,17,16,3,,,,13,,,,,,,,,,1,4230600,248858.8,269900,56010,3398
2016-08-22,Nechako & North Coast,KITIMAT-STIKINE-NORTH COAST,35,32,2,,,,29,,,1,2,2,,,,,1,8635400,246725.7,220000,115985,2400
2016-09-01,Nechako & North Coast,KITIMAT-STIKINE-NORTH COAST,20,13,,,,,12,1,,,,,,,,,7,3589738,179486.9,184500,44647.37,1845
2016-09-08,Nechako & North Coast,KITIMAT-STIKINE-NORTH COAST,15,11,2,,,,8,1,,,2,2,,,,,2,3507539,233835.9,230000,47024.39,2600
2016-09-15,Nechako & North Coast,KITIMAT-STIKINE-NORTH COAST,20,18,4,,,,13,1,,,1,1,,,,,1,3591000,179550,139000,47620,1390
2016-09-22,Nechako & North Coast,KITIMAT-STIKINE-NORTH COAST,29,29,1,1,,,23,2,,2,,,,,,,,6618549,228225.8,210000,84310.49,2200
2016-10-01,Nechako & North Coast,KITIMAT-STIKINE-NORTH COAST,8,8,,,,,6,1,,1,,,,,,,,1482000,185250,153750,19445,1707.5
2016-10-08,Nechako & North Coast,KITIMAT-STIKINE-NORTH COAST,19,17,1,,,,12,3,1,,2,2,,,,,,3329850,175255.3,150000,35941.67,1250
2016-10-15,Nechako & North Coast,KITIMAT-STIKINE-NORTH COAST,15,14,1,1,,,11,,,1,1,1,,,,,,2748190,183212.7,200000,33496.9,2000
2016-10-22,Nechako & North Coast,KITIMAT-STIKINE-NORTH COAST,20,20,2,,,,10,,,8,,,,,,,,4970300,248515,246250,66878,2925
2016-06-01,Northeast,NORTHERN ROCKIES-PEACE RIVER,23,20,2,,1,,10,3,1,3,,,,,,3,,5319225,231270.6,194000,67958.85,1850
2016-06-08,Northeast,NORTHERN ROCKIES-PEACE RIVER,38,23,4,,,,13,2,,4,7,3,,4,,8,,12722886,334812.8,254500,186657.25,2960.25
2016-06-15,Northeast,NORTHERN ROCKIES-PEACE RIVER,35,29,4,1,2,,16,,,6,1,1,,,1,1,3,9573128,273517.9,250000,135059.16,3000
2016-06-22,Northeast,NORTHERN ROCKIES-PEACE RIVER,46,42,2,,,,33,3,1,3,,,,,,3,1,14188725,308450.5,296356.6,163820.9,3040
2016-07-01,Northeast,NORTHERN ROCKIES-PEACE RIVER,16,13,2,,,,11,,,,,,,,1,2,,4839463,302466.5,293000,70888.07,3860
2016-07-08,Northeast,NORTHERN ROCKIES-PEACE RIVER,26,18,2,1,,,15,,,,1,1,,,,6,1,4704483,180941.7,120000,61954.83,1200
2016-07-15,Northeast,NORTHERN ROCKIES-PEACE RIVER,25,24,4,,3,,17,,,,1,1,,,,,,8093700,323748,325000,112594,3486
2016-07-22,Northeast,NORTHERN ROCKIES-PEACE RIVER,46,36,9,,1,,23,2,,1,2,1,,1,,8,,11250746,244581.4,227500,139143,2181
2016-08-01,Northeast,NORTHERN ROCKIES-PEACE RIVER,24,14,2,,1,,10,,,1,8,5,,3,,2,,29781556,1240898.2,358750,684002.43,4850
2016-08-08,Northeast,NORTHERN ROCKIES-PEACE RIVER,23,19,2,,1,,14,2,,,4,3,,1,,,,10890142,473484.4,335000,166831.5,3560
2016-08-15,Northeast,NORTHERN ROCKIES-PEACE RIVER,25,22,6,,,,15,1,,,2,2,,,,1,,6814454,272578.2,225000,92296.3,2180
2016-08-22,Northeast,NORTHERN ROCKIES-PEACE RIVER,44,38,2,,,,32,1,,3,,,,,1,4,1,12137588,275854.3,252000,136936.29,2475
2016-09-01,Northeast,NORTHERN ROCKIES-PEACE RIVER,21,19,2,,1,,14,1,1,,1,1,,,,1,,9220038,439049.4,325000,162144.07,4500
2016-09-08,Northeast,NORTHERN ROCKIES-PEACE RIVER,22,18,1,,3,,13,,,1,1,,,1,,3,,4660348,211834,169950,63042.63,1699.5
2016-09-15,Northeast,NORTHERN ROCKIES-PEACE RIVER,25,24,3,,1,,19,,,1,1,1,,,,,,9368382,374735.3,305000,110738.75,3000
2016-09-22,Northeast,NORTHERN ROCKIES-PEACE RIVER,59,46,8,1,,,22,4,,11,2,2,,,1,10,,13447175,227918.2,199300,172666.67,1750
2016-10-01,Northeast,NORTHERN ROCKIES-PEACE RIVER,26,21,2,,1,,15,,1,2,1,1,,,,3,1,5739855,220763.7,240000,74982.5,2800
2016-10-08,Northeast,NORTHERN ROCKIES-PEACE RIVER,20,16,2,,,,12,1,1,,4,4,,,,,,6298486,314924.3,263250,74650,2150
2016-10-15,Northeast,NORTHERN ROCKIES-PEACE RIVER,25,19,5,,,,11,,,3,,,,,1,5,,5405351,216214,255000,69487.05,2000
2016-10-22,Northeast,NORTHERN ROCKIES-PEACE RIVER,49,40,5,,1,,26,,,8,5,2,,3,,3,1,49873210,1017820.6,260000,1239099.18,3100
2016-06-01,Thompson/Okanagan,CENTRAL OKANAGAN,185,178,5,1,,,115,52,,5,4,3,,1,2,,1,102432386,553688.6,434000,1720191.53,6530
2016-06-08,Thompson/Okanagan,CENTRAL OKANAGAN,125,122,2,,,2,77,33,,8,3,1,,2,,,,58998514,471988.1,390000,874695.49,5350
2016-06-15,Thompson/Okanagan,CENTRAL OKANAGAN,209,202,8,,2,,131,54,,7,3,3,,,,4,,115876747,554434.2,469000,1862791.79,6870
2016-06-22,Thompson/Okanagan,CENTRAL OKANAGAN,558,545,15,4,5,3,341,152,,25,5,4,,1,4,3,1,301820977,540897.8,455000,4912535.77,6818.5
2016-07-01,Thompson/Okanagan,CENTRAL OKANAGAN,146,144,7,1,,,95,35,,6,2,1,1,,,,,78591299,538296.6,490000,1245933.83,7250
2016-07-08,Thompson/Okanagan,CENTRAL OKANAGAN,195,194,5,,1,,118,59,,11,1,1,,,,,,94646186,485365.1,410000,1421023.32,5621
2016-07-15,Thompson/Okanagan,CENTRAL OKANAGAN,200,197,8,,2,2,127,43,2,13,1,,,1,1,1,,117168869,585844.3,454250,2007212.2,6600
2016-07-22,Thompson/Okanagan,CENTRAL OKANAGAN,442,440,7,2,,2,242,125,1,61,1,,1,,1,,,214915707,486234.6,420000,3370502.58,6067.09
2016-08-01,Thompson/Okanagan,CENTRAL OKANAGAN,196,192,4,,,,105,60,2,21,4,3,1,,,,,103266605,526870.4,432500,1687366.94,6140
2016-08-08,Thompson/Okanagan,CENTRAL OKANAGAN,129,127,3,1,,,65,48,,10,2,1,,1,,,,65742796,509634.1,435000,1051572.27,6640
2016-08-15,Thompson/Okanagan,CENTRAL OKANAGAN,257,257,4,4,,,155,67,1,26,,,,,,,,130996592,509714.4,452754.9,2060531.64,6700
2016-08-22,Thompson/Okanagan,CENTRAL OKANAGAN,466,455,6,2,1,,271,140,1,34,7,2,3,2,1,1,2,237384787,509409.4,433950,3750644.19,6526.5
2016-09-01,Thompson/Okanagan,CENTRAL OKANAGAN,180,175,8,,2,,88,64,,13,4,3,1,,1,,,91405070,507805.9,406600,1452167.35,6018.5
2016-09-08,Thompson/Okanagan,CENTRAL OKANAGAN,144,138,3,1,1,1,69,50,,13,6,1,5,,,,,69481723,482512,417450,1061704.56,5481.5
2016-09-15,Thompson/Okanagan,CENTRAL OKANAGAN,176,172,3,,2,,92,49,1,25,1,1,,,2,1,,102076969,579982.8,439450,1725511.68,6399
2016-09-22,Thompson/Okanagan,CENTRAL OKANAGAN,431,419,6,4,,3,186,109,4,107,9,3,2,4,2,1,,244893845,568199.2,433500,4166438.55,6520
2016-10-01,Thompson/Okanagan,CENTRAL OKANAGAN,139,134,7,,2,,72,29,1,23,4,3,,1,1,,,75315147,541835.6,419000,1213096.96,6200
2016-10-08,Thompson/Okanagan,CENTRAL OKANAGAN,143,136,6,,1,,70,40,,19,3,1,,2,2,2,,73463104,513728,465900,1150570.71,7140
2016-10-15,Thompson/Okanagan,CENTRAL OKANAGAN,125,124,3,,2,,70,35,1,13,1,1,,,,,,67822943,542583.5,440000,1138469.99,6790
2016-10-22,Thompson/Okanagan,CENTRAL OKANAGAN,309,303,6,,3,1,91,61,1,140,4,,1,3,,2,,176055423,569758.6,450000,2972598.13,6740
2016-06-01,Thompson/Okanagan,COLUMBIA SHUSWAP,56,51,5,1,,,39,6,,,3,3,,,1,1,,15533681,277387.2,245000,221430.81,2900
2016-06-08,Thompson/Okanagan,COLUMBIA SHUSWAP,47,41,7,1,1,,24,7,,1,4,3,1,,2,,,19820705,421717.1,300000,333584.05,3700
2016-06-15,Thompson/Okanagan,COLUMBIA SHUSWAP,65,61,9,,1,1,38,7,,5,,,,,3,1,,19416722,298718.8,290000,270320.99,3740
2016-06-22,Thompson/Okanagan,COLUMBIA SHUSWAP,115,108,16,1,3,2,75,10,,1,5,3,1,1,1,1,,34443162,299505.8,262500,477168.38,3200
2016-07-01,Thompson/Okanagan,COLUMBIA SHUSWAP,24,24,3,,,,20,1,,,,,,,,,,7557500,314895.8,300000,112175,4000
2016-07-08,Thompson/Okanagan,COLUMBIA SHUSWAP,56,54,8,,1,,38,3,,4,,,,,1,,1,17103457,305418.9,317500,241486.14,4150
2016-07-15,Thompson/Okanagan,COLUMBIA SHUSWAP,55,50,6,,1,,36,5,,2,1,1,,,1,,3,14901052,270928.2,246450,201590.69,2920
2016-07-22,Thompson/Okanagan,COLUMBIA SHUSWAP,96,86,13,,1,,56,13,,3,3,3,,,7,,,36044073,375459.1,324250,549892.81,4435
2016-08-01,Thompson/Okanagan,COLUMBIA SHUSWAP,25,24,5,,,,17,2,,,1,1,,,,,,8896820,355872.8,300000,124908,3800
2016-08-08,Thompson/Okanagan,COLUMBIA SHUSWAP,36,35,2,1,2,,24,4,,2,1,1,,,,,,11104038,308445.5,291250,152419.36,3749
2016-08-15,Thompson/Okanagan,COLUMBIA SHUSWAP,72,56,4,1,4,,36,7,,4,3,2,,1,12,,1,21769468,302353.7,258750,323604.68,3175
2016-08-22,Thompson/Okanagan,COLUMBIA SHUSWAP,79,76,7,3,1,1,51,11,,2,2,,,2,,1,,26094566,330311,315000,380570.66,4300
2016-09-01,Thompson/Okanagan,COLUMBIA SHUSWAP,36,33,6,,1,,22,3,,1,1,1,,,2,,,12553352,348704.2,317500,184433.52,4350
2016-09-08,Thompson/Okanagan,COLUMBIA SHUSWAP,42,41,9,,,,25,4,,3,1,1,,,,,,11985890,285378.3,323250,170391.43,4465
2016-09-15,Thompson/Okanagan,COLUMBIA SHUSWAP,45,43,3,,,,34,4,,2,2,1,1,,,,,16057848,356841.1,300000,241757.48,4000
2016-09-22,Thompson/Okanagan,COLUMBIA SHUSWAP,85,78,7,1,2,,43,7,,18,2,2,,,2,1,2,30855394,363004.6,325000,476727.5,4400
2016-10-01,Thompson/Okanagan,COLUMBIA SHUSWAP,32,31,4,,,,19,4,,4,1,1,,,,,,11495070,359221,284750,165139.98,3645
2016-10-08,Thompson/Okanagan,COLUMBIA SHUSWAP,31,30,2,,,2,24,1,,1,,,,,,1,,10482600,338148.4,305000,159166,4100
2016-10-15,Thompson/Okanagan,COLUMBIA SHUSWAP,27,26,4,1,2,1,16,1,,1,,,,,,1,,9244300,342381.5,320000,128518.72,4200
2016-10-22,Thompson/Okanagan,COLUMBIA SHUSWAP,61,52,5,2,,1,21,5,,18,3,1,,2,3,,3,20718850,339653.3,275000,312231.5,3500
2016-06-01,Thompson/Okanagan,NORTH OKANAGAN,68,67,6,,5,,41,12,,3,,,,,,1,,23658299,347916.2,362084.4,321070.14,5175
2016-06-08,Thompson/Okanagan,NORTH OKANAGAN,45,39,5,1,1,,21,10,,1,3,3,,,,2,1,16156500,359033.3,330000,242419,4600
2016-06-15,Thompson/Okanagan,NORTH OKANAGAN,74,68,5,,1,,52,7,,3,4,3,,1,,2,,37632259,508544,352100,633730.5,4530
2016-06-22,Thompson/Okanagan,NORTH OKANAGAN,252,248,15,2,64,,118,41,,8,1,,1,,1,2,,85336869,338638.4,332500,1292948.42,4581.25
2016-07-01,Thompson/Okanagan,NORTH OKANAGAN,50,49,4,,2,,36,6,,1,1,,,1,,,,22454071,449081.4,411000,344153,6100
2016-07-08,Thompson/Okanagan,NORTH OKANAGAN,102,102,7,,2,1,78,11,,3,,,,,,,,44335781,434664.5,385950,689321.61,5719
2016-07-15,Thompson/Okanagan,NORTH OKANAGAN,76,73,9,,3,,46,14,,1,1,1,,,1,,1,28207041,371145.3,344500,406124.49,4740
2016-07-22,Thompson/Okanagan,NORTH OKANAGAN,167,159,8,2,4,2,107,28,,8,5,5,,,2,1,,69079864,413651.9,355000,1007286.09,4640
2016-08-01,Thompson/Okanagan,NORTH OKANAGAN,73,72,6,,1,,47,15,,3,1,,,1,,,,29354818,402120.8,359900,418276.5,4700
2016-08-08,Thompson/Okanagan,NORTH OKANAGAN,51,51,3,,1,,29,17,,1,,,,,,,,19625126,384806.4,330000,284762.1,4500
2016-08-15,Thompson/Okanagan,NORTH OKANAGAN,100,99,8,1,1,,63,16,,10,1,1,,,,,,42555129,425551.3,357063,649161.96,4974
2016-08-22,Thompson/Okanagan,NORTH OKANAGAN,171,166,11,,7,,103,32,,13,4,4,,,,1,,66294573,387687.6,360100,951280.78,4900
2016-09-01,Thompson/Okanagan,NORTH OKANAGAN,63,62,4,,,1,38,17,1,1,1,1,,,,,,24111325,382719.4,344000,348552.25,4670
2016-09-08,Thompson/Okanagan,NORTH OKANAGAN,58,55,8,,,1,35,9,,2,,,,,3,,,22713207,391607,361250,318674.56,5075
2016-09-15,Thompson/Okanagan,NORTH OKANAGAN,65,63,6,,5,,39,7,,6,,,,,2,,,26141426,402175.8,345000,370691.82,4360
2016-09-22,Thompson/Okanagan,NORTH OKANAGAN,196,182,16,1,3,1,99,36,,26,14,11,3,,,,,76689888,391274.9,350000,1147975.6,4765
2016-10-01,Thompson/Okanagan,NORTH OKANAGAN,58,49,3,1,4,1,24,9,,7,6,5,,1,3,,,30401240,524159.3,320000,562537.81,4400
2016-10-08,Thompson/Okanagan,NORTH OKANAGAN,66,62,6,,1,1,38,8,,8,1,,1,,1,2,,21707121,328895.8,292500,290714.92,3280
2016-10-15,Thompson/Okanagan,NORTH OKANAGAN,68,63,4,,4,,42,5,,8,2,1,,1,1,2,,27917329,410549,339750,432471.58,4770
2016-10-22,Thompson/Okanagan,NORTH OKANAGAN,115,107,7,,1,,44,16,,39,5,1,,4,3,,,50913234,442723.8,370000,770593.78,5300
2016-06-01,Thompson/Okanagan,OKANAGAN-SIMILKAMEEN,101,95,11,,2,3,62,16,,1,2,2,,,1,2,1,44405320,439656.6,319767.4,708279.42,4000
2016-06-08,Thompson/Okanagan,OKANAGAN-SIMILKAMEEN,75,67,7,,2,,47,8,,3,4,2,,2,3,,1,23370518,311606.9,247000,332126.54,2800
2016-06-15,Thompson/Okanagan,OKANAGAN-SIMILKAMEEN,87,82,6,5,3,,44,18,1,5,2,2,,,,1,2,33438610,384351.8,345000,479573.6,4800
2016-06-22,Thompson/Okanagan,OKANAGAN-SIMILKAMEEN,187,181,16,,5,1,113,37,,9,3,3,,,,2,1,77161588,412628.8,350000,1152851.81,4750
2016-07-01,Thompson/Okanagan,OKANAGAN-SIMILKAMEEN,56,55,3,1,,1,31,14,1,4,,,,,,1,,21484895,383658.8,314000,310873.08,3930
2016-07-08,Thompson/Okanagan,OKANAGAN-SIMILKAMEEN,78,68,6,,,,36,22,,4,1,1,,,5,3,1,32662111,418745,311250,467501.38,3560
2016-07-15,Thompson/Okanagan,OKANAGAN-SIMILKAMEEN,75,68,8,1,1,1,38,17,,2,2,2,,,3,1,1,26919902,358932,300387.6,403258.4,4007.75
2016-07-22,Thompson/Okanagan,OKANAGAN-SIMILKAMEEN,149,144,10,,5,,95,30,,4,2,1,,1,1,2,,56809919,381274.6,330000,858959.71,4600
2016-08-01,Thompson/Okanagan,OKANAGAN-SIMILKAMEEN,65,62,10,,,1,33,17,,1,3,2,,1,,,,25981588,399716.7,320000,391346.26,4000
2016-08-08,Thompson/Okanagan,OKANAGAN-SIMILKAMEEN,48,41,5,,2,2,25,5,1,1,4,,,4,3,,,13996989,291603.9,240750,189671.15,2800
2016-08-15,Thompson/Okanagan,OKANAGAN-SIMILKAMEEN,99,94,5,1,1,1,53,23,1,9,,,,,4,1,,34612716,349623.4,315000,464954.38,3940
2016-08-22,Thompson/Okanagan,OKANAGAN-SIMILKAMEEN,164,154,9,4,3,1,98,27,,12,4,4,,,1,5,,74210089,452500.5,337750,1229538.86,4570
2016-09-01,Thompson/Okanagan,OKANAGAN-SIMILKAMEEN,74,64,7,,1,1,40,12,,3,4,2,,2,2,4,,34116578,461034.8,342500,565022.14,4770
2016-09-08,Thompson/Okanagan,OKANAGAN-SIMILKAMEEN,65,63,3,,,,42,13,1,4,1,,,1,,1,,23155300,356235.4,325000,333311,4440
2016-09-15,Thompson/Okanagan,OKANAGAN-SIMILKAMEEN,74,67,5,,1,,44,15,1,1,4,2,2,,2,,1,22869864,309052.2,278000,310916.8,3320
2016-09-22,Thompson/Okanagan,OKANAGAN-SIMILKAMEEN,183,172,11,2,3,3,78,42,,33,7,4,1,2,4,,,74474511,406964.5,322175,1153159.78,4400
2016-10-01,Thompson/Okanagan,OKANAGAN-SIMILKAMEEN,64,63,3,,1,1,35,16,,7,1,1,,,,,,20405274,318832.4,282807.7,271474.53,3350
2016-10-08,Thompson/Okanagan,OKANAGAN-SIMILKAMEEN,64,61,,,3,,37,16,,5,2,2,,,1,,,23093511,360836.1,330000,331072.44,4480
2016-10-15,Thompson/Okanagan,OKANAGAN-SIMILKAMEEN,55,54,3,1,1,2,34,8,,5,,,,,,1,,19920700,362194.5,322500,273170.63,3600
2016-10-22,Thompson/Okanagan,OKANAGAN-SIMILKAMEEN,101,95,6,1,,,29,15,,44,3,3,,,1,2,,37372825,370028,300000,525239.7,3750
2016-06-01,Thompson/Okanagan,THOMPSON-NICOLA,84,74,7,,3,,48,6,2,8,2,1,,1,3,5,,28054898,333986.9,306950.9,382968.11,3775
2016-06-08,Thompson/Okanagan,THOMPSON-NICOLA,78,71,15,1,,,42,11,,2,6,6,,,,1,,27894475,357621.5,267500,424885.1,3179
2016-06-15,Thompson/Okanagan,THOMPSON-NICOLA,74,69,,,1,,55,8,1,4,4,3,,1,,1,,26324667,355738.7,355000,363944.3,5049
2016-06-22,Thompson/Okanagan,THOMPSON-NICOLA,255,248,19,,4,2,167,43,2,11,2,1,,1,1,1,3,81861106,321023.9,295000,1067235.61,3630
2016-07-01,Thompson/Okanagan,THOMPSON-NICOLA,51,49,2,,,,42,5,,,1,1,,,1,,,20679355,405477.5,380000,300765,5200
2016-07-08,Thompson/Okanagan,THOMPSON-NICOLA,94,91,7,1,1,,64,17,,1,2,2,,,,1,,31928312,339662.9,327775,431718.1,3785
2016-07-15,Thompson/Okanagan,THOMPSON-NICOLA,97,94,8,,1,,65,17,1,2,2,1,1,,,1,,32485900,334906.2,315000,466824.25,4250
2016-07-22,Thompson/Okanagan,THOMPSON-NICOLA,190,188,17,1,4,,123,37,,6,1,1,,,1,,,64016076,336926.7,319900,862442.75,4190
2016-08-01,Thompson/Okanagan,THOMPSON-NICOLA,78,76,6,,1,,55,11,,3,1,,1,,,1,,29427372,377274,350000,417828.55,4850
2016-08-08,Thompson/Okanagan,THOMPSON-NICOLA,79,72,7,,3,,50,11,,1,1,1,,,2,4,,21374319,270561,251700,282296.57,2748
2016-08-15,Thompson/Okanagan,THOMPSON-NICOLA,121,113,8,,4,,79,16,,6,3,,2,1,1,2,2,42493282,351184.1,340000,585479.81,4400
2016-08-22,Thompson/Okanagan,THOMPSON-NICOLA,226,220,12,3,3,,159,39,2,2,1,,1,,1,4,,75464676,333914.5,327000,1012260.54,3870
2016-09-01,Thompson/Okanagan,THOMPSON-NICOLA,96,91,10,,,,53,16,,12,2,2,,,1,,2,28375883,295582.1,230000,378218.99,2420
2016-09-08,Thompson/Okanagan,THOMPSON-NICOLA,60,58,7,,1,,33,8,,9,2,2,,,,,,20033764,333896.1,334500,259651.97,3455
2016-09-15,Thompson/Okanagan,THOMPSON-NICOLA,94,90,6,2,2,,62,14,2,2,1,1,,,2,1,,26205542,278782.4,291000,326892.34,3249
2016-09-22,Thompson/Okanagan,THOMPSON-NICOLA,200,190,17,3,1,1,104,34,,30,3,2,1,,3,4,,68386136,341930.7,325950,937966.81,4200
2016-10-01,Thompson/Okanagan,THOMPSON-NICOLA,63,59,8,1,,,27,12,,11,3,2,,1,1,,,24464944,388332.4,327700,363586.75,3570
2016-10-08,Thompson/Okanagan,THOMPSON-NICOLA,87,85,4,1,1,,60,11,,8,1,1,,,1,,,27622591,317501,315000,363025.3,3620
2016-10-15,Thompson/Okanagan,THOMPSON-NICOLA,76,75,3,,2,,54,7,,9,,,,,,1,,23608172,310633.8,307000,322129.53,3850
2016-10-22,Thompson/Okanagan,THOMPSON-NICOLA,149,141,2,,1,1,66,16,4,51,6,3,,3,1,,1,50744840,340569.4,320000,715791.49,4094
2016-06-01,Unknown/Rural,RURAL-UNKNOWN,52,41,12,1,,,22,,,6,2,,,2,5,3,1,19605274,377024.5,370000,291314.48,5050
2016-06-08,Unknown/Rural,RURAL-UNKNOWN,31,27,9,,,,8,,,10,1,,,1,1,1,1,12154575,392083.1,317000,181915.5,3950
2016-06-15,Unknown/Rural,RURAL-UNKNOWN,43,38,6,,1,,21,2,,8,3,2,1,,1,,1,18322419,426102.8,380000,276085.39,5238.1
2016-06-22,Unknown/Rural,RURAL-UNKNOWN,121,111,27,2,2,,54,2,,24,4,,2,2,6,,,51986306,429638.9,341000,790670.89,4700
2016-07-01,Unknown/Rural,RURAL-UNKNOWN,27,27,5,,,,17,,,5,,,,,,,,10698975,396258.3,359000,162047.5,5180
2016-07-08,Unknown/Rural,RURAL-UNKNOWN,56,51,13,,,,22,,3,13,1,1,,,2,1,1,22615892,403855.2,355000,334710.38,4380.95
2016-07-15,Unknown/Rural,RURAL-UNKNOWN,47,45,10,,1,,27,1,,6,1,,,1,1,,,17106286,363963.5,310000,266599.72,3998
2016-07-22,Unknown/Rural,RURAL-UNKNOWN,113,97,17,,2,,47,3,,28,1,,,1,3,,12,55537124,491479,382500,873537.08,5610
2016-08-01,Unknown/Rural,RURAL-UNKNOWN,138,125,19,1,1,,76,25,,3,4,,4,,4,4,1,62250150,451088,317500,1058270.8,4250
2016-08-08,Unknown/Rural,RURAL-UNKNOWN,101,92,21,,1,,55,12,1,2,1,1,,,7,1,,47395894,469266.3,364761.9,773991.08,5000
2016-08-15,Unknown/Rural,RURAL-UNKNOWN,120,109,20,1,1,,65,12,,10,2,1,,1,7,1,1,48687674,405730.6,330000,826401.21,4150
2016-08-22,Unknown/Rural,RURAL-UNKNOWN,256,243,38,2,6,,155,38,1,3,3,3,,,4,5,1,112028612,437611.8,364500,1736496.41,4790
2016-09-01,Unknown/Rural,RURAL-UNKNOWN,106,95,28,1,2,,46,11,1,6,2,2,,,7,1,1,41430776,390856.4,291000,652549.76,3820
2016-09-08,Unknown/Rural,RURAL-UNKNOWN,71,65,16,1,2,,43,,1,2,,,,,5,,1,24786176,349101.1,210000,383199.77,2200
2016-09-15,Unknown/Rural,RURAL-UNKNOWN,119,111,34,,3,,64,8,,2,1,,1,,2,4,1,36839206,309573.2,239000,535360.75,2600
2016-09-22,Unknown/Rural,RURAL-UNKNOWN,263,217,38,2,3,,102,15,1,56,4,,2,2,19,17,6,105321980,400463.8,310000,1675211.51,3900
2016-10-01,Unknown/Rural,RURAL-UNKNOWN,95,82,21,1,,,44,4,1,11,3,2,,1,9,1,,33118729,348618.2,250000,491800.07,2800
2016-10-08,Unknown/Rural,RURAL-UNKNOWN,75,65,18,,1,,36,3,,7,1,1,,,6,2,1,19018517,253580.2,227500,260780.56,2333.33
2016-10-15,Unknown/Rural,RURAL-UNKNOWN,88,72,19,,3,,40,3,1,6,1,,1,,5,3,7,22675860,257680.2,206250,326416.61,2125
2016-10-22,Unknown/Rural,RURAL-UNKNOWN,161,153,32,,,,51,5,,65,2,,,2,6,,,65067662,404147,310000,1024861.22,3900
2016-06-01,Vancouver Island/Coast,ALBERNI-CLAYOQUOT,20,19,,,,2,14,1,2,,1,1,,,,,,5540900,277045,232750,73914,2655
2016-06-08,Vancouver Island/Coast,ALBERNI-CLAYOQUOT,23,19,,1,,,18,,,,1,1,,,3,,,6050825,263079.3,200000,83742.25,2000
2016-06-15,Vancouver Island/Coast,ALBERNI-CLAYOQUOT,31,29,6,1,,,20,2,,,2,1,1,,,,,6651206,214555,145000,88264.68,1450
2016-06-22,Vancouver Island/Coast,ALBERNI-CLAYOQUOT,56,53,5,2,1,2,39,2,1,1,1,,,1,2,,,16067400,286917.9,213500,226814,2270
2016-07-01,Vancouver Island/Coast,ALBERNI-CLAYOQUOT,9,7,1,,,,6,,,,1,,,1,1,,,3292624,365847.1,257000,48756.24,3140
2016-07-08,Vancouver Island/Coast,ALBERNI-CLAYOQUOT,16,12,,1,,,11,,,,4,4,,,,,,10732890,670805.6,362450,199044.8,5249
2016-07-15,Vancouver Island/Coast,ALBERNI-CLAYOQUOT,23,23,2,,,,20,1,,,,,,,,,,6587900,286430.4,220000,90984,2400
2016-07-22,Vancouver Island/Coast,ALBERNI-CLAYOQUOT,59,56,3,2,,,51,,,,,,,,3,,,15159394,256938.9,215000,207496.44,2300
2016-08-01,Vancouver Island/Coast,ALBERNI-CLAYOQUOT,18,17,2,,,,14,1,,,,,,,1,,,7285710,404761.7,310000,110969.2,4200
2016-08-08,Vancouver Island/Coast,ALBERNI-CLAYOQUOT,23,23,2,1,,,19,,,1,,,,,,,,6157925,267735.9,229000,85489.25,2580
2016-08-15,Vancouver Island/Coast,ALBERNI-CLAYOQUOT,36,36,3,1,,,28,3,1,,,,,,,,,12439900,345552.8,266150,185247,3323
2016-08-22,Vancouver Island/Coast,ALBERNI-CLAYOQUOT,58,54,1,3,,1,37,9,1,2,3,1,,2,1,,,16276170,280623.6,199500,230320.8,1995
2016-09-01,Vancouver Island/Coast,ALBERNI-CLAYOQUOT,40,38,4,1,,,28,4,,1,1,1,,,1,,,11603110,290077.8,221500,164345.1,2430
2016-09-08,Vancouver Island/Coast,ALBERNI-CLAYOQUOT,17,17,1,,,,12,3,,1,,,,,,,,4219387,248199.3,178000,52819,1640
2016-09-15,Vancouver Island/Coast,ALBERNI-CLAYOQUOT,24,22,,,,,19,3,,,2,,,2,,,,4559050,189960.4,166500,54174.5,1665
2016-09-22,Vancouver Island/Coast,ALBERNI-CLAYOQUOT,61,58,4,2,,,38,4,,10,3,2,,1,,,,20168290,330627.7,253000,294482.9,3060
2016-10-01,Vancouver Island/Coast,ALBERNI-CLAYOQUOT,24,24,1,,,1,21,1,,,,,,,,,,7147450,297810.4,247750,100478.5,2955
2016-10-08,Vancouver Island/Coast,ALBERNI-CLAYOQUOT,26,26,,,1,1,22,2,,,,,,,,,,8089500,311134.6,314000,113687.5,4280
2016-10-15,Vancouver Island/Coast,ALBERNI-CLAYOQUOT,16,15,,,,,11,3,,1,,,,,1,,,3250900,203181.2,127500,42918,1275
2016-10-22,Vancouver Island/Coast,ALBERNI-CLAYOQUOT,56,54,1,,,1,17,3,1,31,1,1,,,1,,,21010115,375180.6,302500,309989.79,4050
2016-06-01,Vancouver Island/Coast,CAPITAL,259,257,4,2,,3,141,74,1,32,1,1,,,,1,,158501400,611974.5,544000,2522950.37,8600
2016-06-08,Vancouver Island/Coast,CAPITAL,141,132,4,,,3,62,49,,14,7,4,2,1,,1,1,102746364,728697.6,465000,1850678.81,6650
2016-06-15,Vancouver Island/Coast,CAPITAL,264,260,8,1,,2,142,96,1,10,4,,1,3,,,,156189684,591627.6,499450,2504377.68,7607.88
2016-06-22,Vancouver Island/Coast,CAPITAL,931,918,16,2,4,8,457,290,93,48,13,6,1,6,,,,533245066,572765.9,470000,8862570.54,7000
2016-07-01,Vancouver Island/Coast,CAPITAL,185,183,3,,1,2,109,59,,9,2,1,1,,,,,109559507,592213.5,485900,1803377.23,7600
2016-07-08,Vancouver Island/Coast,CAPITAL,222,219,5,2,,,106,64,2,40,3,,2,1,,,,126258671,568732.8,429847.3,2073468.63,6280
2016-07-15,Vancouver Island/Coast,CAPITAL,253,251,6,1,,3,146,84,,11,,,,,,,2,168942877,667758.4,542500,2880989.92,8500
2016-07-22,Vancouver Island/Coast,CAPITAL,648,638,12,2,3,11,335,205,1,69,8,2,3,3,,,2,403383561,622505.5,495625,6789256.93,7200
2016-08-01,Vancouver Island/Coast,CAPITAL,275,272,6,,,4,155,87,2,18,3,1,2,,,,,159929863,581563.1,530000,2614782.27,8560
2016-08-08,Vancouver Island/Coast,CAPITAL,159,158,4,,1,4,93,46,2,8,1,1,,,,,,96796996,608786.1,525000,1626778.39,7930
2016-08-15,Vancouver Island/Coast,CAPITAL,320,318,8,3,2,4,165,107,,29,2,2,,,,,,205224333,641326,495071.4,3506870.21,7610
2016-08-22,Vancouver Island/Coast,CAPITAL,563,558,15,2,1,9,303,202,1,25,4,4,,,,,1,345191828,613129.4,525000,5677507.99,8200
2016-09-01,Vancouver Island/Coast,CAPITAL,243,239,14,,1,5,123,80,,16,4,2,,2,,,,159480400,656297.9,511000,2804734.23,7980
2016-09-08,Vancouver Island/Coast,CAPITAL,133,130,2,1,,1,64,41,1,20,3,1,1,1,,,,79423612,597170,525000,1252294.97,8000
2016-09-15,Vancouver Island/Coast,CAPITAL,225,223,6,1,3,6,123,65,1,18,1,,,1,,1,,157909783,701821.3,506000,2790387.32,7700
2016-09-22,Vancouver Island/Coast,CAPITAL,496,482,8,3,,12,175,129,3,152,8,5,2,1,2,2,2,327488784,660259.6,504404.8,5761493.78,7800
2016-10-01,Vancouver Island/Coast,CAPITAL,156,142,1,1,,1,65,43,,31,13,11,,2,,,1,96381853,617832.4,471000,1591093.66,6692
2016-10-08,Vancouver Island/Coast,CAPITAL,179,175,16,,,3,74,46,2,34,2,2,,,,,2,119123317,665493.4,500000,1996374.57,7700
2016-10-15,Vancouver Island/Coast,CAPITAL,138,135,7,1,,,67,39,1,20,3,1,,2,,,,95178464,689699,585000,1604730.15,9415
2016-10-22,Vancouver Island/Coast,CAPITAL,434,427,2,2,1,4,107,61,,250,4,1,,3,1,,2,268124534,617798.5,516500,4219715.56,7770
2016-06-01,Vancouver Island/Coast,COMOX VALLEY,52,52,2,,,,37,11,,2,,,,,,,,16592110,319079,285000,210393.1,3475
2016-06-08,Vancouver Island/Coast,COMOX VALLEY,42,42,2,,,,30,10,,,,,,,,,,14256781,339447.2,320000,200976.81,4218
2016-06-15,Vancouver Island/Coast,COMOX VALLEY,66,62,4,,,,40,14,1,3,4,4,,,,,,20186238,305852.1,280000,288325.07,3600
2016-06-22,Vancouver Island/Coast,COMOX VALLEY,188,181,9,,,1,140,27,,4,5,1,4,,1,,1,88060691,468407.9,313750,1651758.89,4090
2016-07-01,Vancouver Island/Coast,COMOX VALLEY,50,49,4,,,,32,10,,3,,,,,,,1,17883700,357674,289000,255434,3730
2016-07-08,Vancouver Island/Coast,COMOX VALLEY,50,50,2,,,,38,7,,3,,,,,,,,20534050,410681,394500,306896,5890
2016-07-15,Vancouver Island/Coast,COMOX VALLEY,82,81,5,1,,,57,14,1,3,1,,1,,,,,29244449,356639.6,333250,383467.69,3950
2016-07-22,Vancouver Island/Coast,COMOX VALLEY,132,130,4,,,,93,20,,13,1,1,,,,1,,48131067,364629.3,341000,632180.33,4365
2016-08-01,Vancouver Island/Coast,COMOX VALLEY,69,68,4,,2,,50,9,1,2,,,,,1,,,25496062,369508.1,345000,355320.21,4800
2016-08-08,Vancouver Island/Coast,COMOX VALLEY,45,44,2,,,,31,2,,9,1,1,,,,,,14914148,331425.5,278000,171730.94,3160
2016-08-15,Vancouver Island/Coast,COMOX VALLEY,82,82,5,,3,,49,14,,11,,,,,,,,30174863,367986.1,335750,400512.59,3670
2016-08-22,Vancouver Island/Coast,COMOX VALLEY,142,125,11,,,,89,18,1,6,16,4,9,3,,1,,56760356,399720.8,350054.5,851213.05,4520
2016-09-01,Vancouver Island/Coast,COMOX VALLEY,50,49,1,,,,36,10,1,1,1,,,1,,,,18213220,364264.4,292500,257500.7,3736.5
2016-09-08,Vancouver Island/Coast,COMOX VALLEY,41,39,3,,,,27,5,,4,1,,1,,1,,,17847700,435309.8,340000,272828,4400
2016-09-15,Vancouver Island/Coast,COMOX VALLEY,53,52,3,1,,1,30,15,,2,1,1,,,,,,18238800,344128.3,320000,245065.5,4140
2016-09-22,Vancouver Island/Coast,COMOX VALLEY,103,98,6,,,1,54,13,1,23,1,1,,,,1,3,39430231,382817.8,346000,585645.94,4900
2016-10-01,Vancouver Island/Coast,COMOX VALLEY,44,41,,,,,29,8,,4,1,,,1,1,,1,14688090,333820.2,297750,200986.79,3335
2016-10-08,Vancouver Island/Coast,COMOX VALLEY,36,30,3,,,,23,,,4,3,,1,2,1,,2,13206530,366848.1,395000,175725.8,5150
2016-10-15,Vancouver Island/Coast,COMOX VALLEY,40,39,3,2,,,24,6,,4,,,,,1,,,14399057,359976.4,309500,191951.4,4050
2016-10-22,Vancouver Island/Coast,COMOX VALLEY,93,89,7,1,,,31,7,1,42,3,2,,1,,,1,44429528,477736.9,375950,731352.28,5000
2016-06-01,Vancouver Island/Coast,COWICHAN VALLEY,58,56,6,,1,,39,9,,1,,,,,1,,1,25172843,434014.5,399375,392961.93,5987.5
2016-06-08,Vancouver Island/Coast,COWICHAN VALLEY,47,46,4,1,,,34,6,,1,,,,,1,,,15578952,331467.1,305000,209092.5,3700
2016-06-15,Vancouver Island/Coast,COWICHAN VALLEY,72,69,9,2,1,,50,7,,,1,,1,,,,2,25423503,353104.2,340000,361352.21,4798.63
2016-06-22,Vancouver Island/Coast,COWICHAN VALLEY,202,196,11,,2,,160,15,,8,2,1,,1,3,1,,77030674,381340,351500,1113057.88,4950
2016-07-01,Vancouver Island/Coast,COWICHAN VALLEY,51,51,7,1,,,35,6,,2,,,,,,,,18104171,354983.7,330000,247957.41,3900
2016-07-08,Vancouver Island/Coast,COWICHAN VALLEY,53,53,2,,1,,42,7,,1,,,,,,,,19765556,372935,352000,285012.5,5000
2016-07-15,Vancouver Island/Coast,COWICHAN VALLEY,67,64,6,1,,,50,7,,,1,,,1,,1,1,26493670,395427.9,375000,381922.7,5250
2016-07-22,Vancouver Island/Coast,COWICHAN VALLEY,153,150,9,,1,1,124,13,1,1,1,1,,,1,,1,58429059,381889.3,350000,859131.78,4898
2016-08-01,Vancouver Island/Coast,COWICHAN VALLEY,49,47,2,,1,,37,6,,1,2,1,,1,,,,18307369,373619.8,365000,266407.73,5240
2016-08-08,Vancouver Island/Coast,COWICHAN VALLEY,35,34,3,,,,18,6,1,6,,,,,1,,,12742921,364083.5,346899.2,173600.43,4500
2016-08-15,Vancouver Island/Coast,COWICHAN VALLEY,61,60,8,1,1,,34,13,,3,1,1,,,,,,23928721,392274.1,345000,343638.51,4598
2016-08-22,Vancouver Island/Coast,COWICHAN VALLEY,104,104,13,2,2,,72,11,,4,,,,,,,,37486951,360451.4,343450,540047.49,4771.49
2016-09-01,Vancouver Island/Coast,COWICHAN VALLEY,42,38,3,,,1,31,2,,1,2,1,1,,1,1,,13437269,319935,291447.5,188431.41,3828.95
2016-09-08,Vancouver Island/Coast,COWICHAN VALLEY,37,34,4,,1,,23,1,1,4,3,3,,,,,,18174902,491213.6,380000,288801.5,4900
2016-09-15,Vancouver Island/Coast,COWICHAN VALLEY,39,38,9,,,,22,5,1,1,1,,1,,,,,12980428,332831.5,295542.6,179622,3400
2016-09-22,Vancouver Island/Coast,COWICHAN VALLEY,125,117,6,,1,1,59,16,,34,7,4,1,2,1,,,46529288,372234.3,329900,675124.87,4300
2016-10-01,Vancouver Island/Coast,COWICHAN VALLEY,38,37,4,1,1,1,19,7,1,3,1,1,,,,,,12906163,339635.9,292500,184868.26,3850
2016-10-08,Vancouver Island/Coast,COWICHAN VALLEY,38,37,2,,,,27,4,,4,1,1,,,,,,12153731,319835,327500,160773.32,3959
2016-10-15,Vancouver Island/Coast,COWICHAN VALLEY,26,25,3,1,,,16,4,,1,1,1,,,,,,8057715,309912.1,251000,107885.77,2990
2016-10-22,Vancouver Island/Coast,COWICHAN VALLEY,70,69,3,1,,,24,6,,35,1,,,1,,,,26534150,379059.3,343000,397348,4710
2016-06-01,Vancouver Island/Coast,NANAIMO,150,133,13,,,,85,22,2,11,12,1,11,,5,,,57055256,380368.4,339000,822870.96,4383.99
2016-06-08,Vancouver Island/Coast,NANAIMO,110,105,7,,,1,68,19,,10,,,,,5,,,42567363,386976,366975,601782.05,4940
2016-06-15,Vancouver Island/Coast,NANAIMO,137,130,9,,1,,80,34,1,5,1,,,1,2,,4,50025177,365147.3,330000,687699.59,4100
2016-06-22,Vancouver Island/Coast,NANAIMO,521,505,22,5,,2,311,67,77,21,12,5,5,2,2,,2,194906177,374100.1,341000,2858072.13,4600
2016-07-01,Vancouver Island/Coast,NANAIMO,85,82,6,,,,55,15,,6,2,,1,1,1,,,38983537,458629.8,375000,600421.77,5300
2016-07-08,Vancouver Island/Coast,NANAIMO,137,133,7,1,,1,91,24,1,8,,,,,4,,,55651864,406218,365000,851714.16,4960
2016-07-15,Vancouver Island/Coast,NANAIMO,146,136,9,,1,,89,20,3,14,,,,,10,,,53453683,366121.1,325000,771362.52,4000
2016-07-22,Vancouver Island/Coast,NANAIMO,315,306,17,2,,1,204,57,4,21,7,6,,1,2,,,123905230,393349.9,355840.1,1804793.86,4980
2016-08-01,Vancouver Island/Coast,NANAIMO,133,125,15,1,1,1,81,23,1,2,6,4,2,,1,,1,63873908,480254.9,357000,1013064.05,4400
2016-08-08,Vancouver Island/Coast,NANAIMO,96,93,3,1,,,69,12,2,6,,,,,1,1,1,39206605,408402.1,383250,580923.24,5374
2016-08-15,Vancouver Island/Coast,NANAIMO,183,182,12,1,1,1,125,31,,11,,,,,1,,,71354393,389914.7,348750,1015734.48,4400
2016-08-22,Vancouver Island/Coast,NANAIMO,346,340,12,1,,,231,63,2,31,4,3,,1,1,,1,164344034,474982.8,371750,2715912.57,5300
2016-09-01,Vancouver Island/Coast,NANAIMO,135,130,8,1,1,3,79,20,4,14,3,1,1,1,1,,1,52172293,386461.4,322000,751775.08,3980
2016-09-08,Vancouver Island/Coast,NANAIMO,88,86,6,1,1,2,49,16,3,8,2,,,2,,,,31468662,357598.4,337500,435045.6,4539
2016-09-15,Vancouver Island/Coast,NANAIMO,128,124,6,,,,75,22,1,20,3,3,,,,,1,46114691,360271,310000,623039.11,3955
2016-09-22,Vancouver Island/Coast,NANAIMO,284,267,8,1,,,142,40,3,73,14,5,9,,3,,,113074451,398149.5,341000,1738487.59,4650
2016-10-01,Vancouver Island/Coast,NANAIMO,118,116,8,,,1,67,11,,29,2,1,,1,,,,45193425,382995.1,350000,644923.77,4790
2016-10-08,Vancouver Island/Coast,NANAIMO,93,93,8,,,,57,18,,10,,,,,,,,34770952,373881.2,361000,484650.25,5098
2016-10-15,Vancouver Island/Coast,NANAIMO,99,97,11,1,,,48,19,2,16,2,,1,1,,,,37188690,375643.3,270000,522541.77,3060
2016-10-22,Vancouver Island/Coast,NANAIMO,241,233,6,,,,77,21,1,128,4,,,4,4,,,102431884,425028.6,385759.2,1446358.3,5160
2016-06-01,Vancouver Island/Coast,POWELL RIVER-MOUNT WADDINGTON,15,14,1,,,,11,1,,1,1,1,,,,,,3041200,202746.7,192000,38005.45,1920
2016-06-08,Vancouver Island/Coast,POWELL RIVER-MOUNT WADDINGTON,14,12,,,,,12,,,,1,,,1,,,1,4953500,353821.4,220000,76320,2425
2016-06-15,Vancouver Island/Coast,POWELL RIVER-MOUNT WADDINGTON,29,27,3,,,,20,4,,,2,1,,1,,,,8687750,299577.6,235000,121487.5,2580
2016-06-22,Vancouver Island/Coast,POWELL RIVER-MOUNT WADDINGTON,56,54,7,,,,40,5,,2,,,,,1,,1,13807600,246564.3,241500,184284,2830
2016-07-01,Vancouver Island/Coast,POWELL RIVER-MOUNT WADDINGTON,19,19,4,,,,13,1,,1,,,,,,,,5110109,268953.1,189900,71163.18,1899
2016-07-08,Vancouver Island/Coast,POWELL RIVER-MOUNT WADDINGTON,25,21,3,,,,15,1,,2,4,1,,3,,,,4779549,191182,135000,60894.49,1350
2016-07-15,Vancouver Island/Coast,POWELL RIVER-MOUNT WADDINGTON,19,19,1,,,1,17,,,,,,,,,,,4466800,235094.7,220000,60836,2400
2016-07-22,Vancouver Island/Coast,POWELL RIVER-MOUNT WADDINGTON,57,55,4,,,2,45,3,,1,,,,,2,,,13124300,230250.9,207500,167186,2150
2016-08-01,Vancouver Island/Coast,POWELL RIVER-MOUNT WADDINGTON,25,22,3,,,1,18,,,,2,2,,,,,1,7052474,282099,197500,96067.48,1960
2016-08-08,Vancouver Island/Coast,POWELL RIVER-MOUNT WADDINGTON,16,16,,,,,13,1,,2,,,,,,,,3077700,192356.2,203500,37971,2095
2016-08-15,Vancouver Island/Coast,POWELL RIVER-MOUNT WADDINGTON,29,29,,,,,24,2,,3,,,,,,,,7597492,261982.5,269900,96679.92,3000
2016-08-22,Vancouver Island/Coast,POWELL RIVER-MOUNT WADDINGTON,43,43,5,,1,,34,1,,2,,,,,,,,12589692,292783.5,262000,168042.25,3100
2016-09-01,Vancouver Island/Coast,POWELL RIVER-MOUNT WADDINGTON,15,13,,,,,12,1,,,2,,,2,,,,4094650,272976.7,235000,54382.25,2700
2016-09-08,Vancouver Island/Coast,POWELL RIVER-MOUNT WADDINGTON,12,12,3,,,1,8,,,,,,,,,,,2871900,239325,220000,35898,2400
2016-09-15,Vancouver Island/Coast,POWELL RIVER-MOUNT WADDINGTON,16,16,1,,,,13,2,,,,,,,,,,3533400,220837.5,215000,36130,1842.5
2016-09-22,Vancouver Island/Coast,POWELL RIVER-MOUNT WADDINGTON,46,45,2,,,,28,5,,10,1,1,,,,,,11644150,253133.7,239500,149151,2680
2016-10-01,Vancouver Island/Coast,POWELL RIVER-MOUNT WADDINGTON,13,12,,,,,6,4,,2,,,,,,1,,2989450,229957.7,150000,41333.5,1500
2016-10-08,Vancouver Island/Coast,POWELL RIVER-MOUNT WADDINGTON,16,16,1,1,,,9,2,,3,,,,,,,,3992900,249556.2,230000,51518,2600
2016-10-15,Vancouver Island/Coast,POWELL RIVER-MOUNT WADDINGTON,19,18,,,,,16,,,2,1,1,,,,,,5213788,274409.9,265000,72450.76,3300
2016-10-22,Vancouver Island/Coast,POWELL RIVER-MOUNT WADDINGTON,23,22,1,,1,,7,1,,12,1,,,1,,,,6908825,300383.7,256000,94332.25,3120
2016-06-01,Vancouver Island/Coast,STRATHCONA,24,21,1,,,,17,3,,,1,,,1,2,,,7811350,325472.9,289500,110701,3790
2016-06-08,Vancouver Island/Coast,STRATHCONA,16,15,1,,,1,12,1,,,1,1,,,,,,5367500,335468.8,252500,79015,3050
2016-06-15,Vancouver Island/Coast,STRATHCONA,25,23,,,,,19,4,,,2,1,,1,,,,9292375,371695,337000,119724,3160
2016-06-22,Vancouver Island/Coast,STRATHCONA,98,98,,,,,81,15,,2,,,,,,,,27060000,276122.4,272150,348045.5,3125
2016-07-01,Vancouver Island/Coast,STRATHCONA,15,14,,,,,12,2,,,1,1,,,,,,10227100,681806.7,307000,215833,4140
2016-07-08,Vancouver Island/Coast,STRATHCONA,26,26,1,,,,21,3,,1,,,,,,,,6950300,267319.2,252000,84851.99,2650
2016-07-15,Vancouver Island/Coast,STRATHCONA,29,29,,,,,22,7,,,,,,,,,,8078550,278570.7,265000,103839.75,3280
2016-07-22,Vancouver Island/Coast,STRATHCONA,70,69,,,,,58,7,,4,1,1,,,,,,22125800,316082.9,315000,276436,4100
2016-08-01,Vancouver Island/Coast,STRATHCONA,40,39,1,,,,27,9,,2,1,1,,,,,,12093995,302349.9,268200,157544.9,2625
2016-08-08,Vancouver Island/Coast,STRATHCONA,27,27,,,,,22,4,,1,,,,,,,,7609600,281837,315000,100273,3518
2016-08-15,Vancouver Island/Coast,STRATHCONA,34,33,2,,,1,26,4,,,1,,,1,,,,11546000,339588.2,325750,153869,4010
2016-08-22,Vancouver Island/Coast,STRATHCONA,64,62,4,1,,1,46,10,,,2,2,,,,,,20754460,324288.4,311000,275590.33,3830
2016-09-01,Vancouver Island/Coast,STRATHCONA,22,22,3,,,,18,1,,,,,,,,,,6583050,299229.5,317000,75095,3300
2016-09-08,Vancouver Island/Coast,STRATHCONA,21,21,,,,,18,2,,1,,,,,,,,5408778,257560.8,267500,60299.55,3118
2016-09-15,Vancouver Island/Coast,STRATHCONA,32,32,2,1,,,22,5,,2,,,,,,,,8836350,276135.9,286000,104270,3055
2016-09-22,Vancouver Island/Coast,STRATHCONA,84,81,2,2,,,43,13,,21,2,2,,,1,,,24554343,292313.6,265000,331741.36,3250
2016-10-01,Vancouver Island/Coast,STRATHCONA,35,34,,,,,30,3,,1,,,,,1,,,8956767,255907.6,268900,117851.34,3378
2016-10-08,Vancouver Island/Coast,STRATHCONA,20,18,1,,,,13,2,,2,1,1,,,1,,,6062659,303133,304700,75399.59,3700
2016-10-15,Vancouver Island/Coast,STRATHCONA,28,27,1,,,,23,3,,,,,,,1,,,9194350,328369.6,276000,123570.5,3300
2016-10-22,Vancouver Island/Coast,STRATHCONA,61,60,1,1,,,26,4,,28,,,,,1,,,17679000,289819.7,286000,220558,3396
2016-11-01,Cariboo,CARIBOO,34,28,4,,,,23,,,1,6,5,,1,,,,5125114,150738.7,130000,61111.15,1300
2016-11-08,Cariboo,CARIBOO,21,21,5,1,1,,13,1,,,,,,,,,,4371800,208181,174000,56108,1740
2016-11-15,Cariboo,CARIBOO,26,23,4,1,2,1,14,1,,,,,,,1,2,,5337175,205276,189500,67753.5,1895
2016-11-22,Cariboo,CARIBOO,52,45,11,3,2,,27,1,,1,2,,,2,1,3,1,11292206,217157.8,207500,149522.06,2175
2016-11-01,Cariboo,FRASER-FORT GEORGE,55,50,11,1,,1,24,3,,10,3,,,3,2,,,12023014,218600.2,180000,129018.36,1445
2016-11-08,Cariboo,FRASER-FORT GEORGE,30,26,4,,,,21,,,1,1,1,,,1,1,1,7945616,264853.9,280445.9,107168.13,3583.88
2016-11-15,Cariboo,FRASER-FORT GEORGE,38,37,5,,,2,29,1,,,1,1,,,,,,9864438,259590.5,231475,123225,2195
2016-11-22,Cariboo,FRASER-FORT GEORGE,57,55,14,1,2,,31,5,1,1,,,,,,2,,12767214,223986.2,210000,147619.07,1800
2016-11-01,Kootenay,CENTRAL KOOTENAY,26,22,3,,1,,13,3,,2,1,1,,,2,1,,6546354,251782.8,207500,88417.43,2175
2016-11-08,Kootenay,CENTRAL KOOTENAY,17,17,2,1,1,,11,,,2,,,,,,,,4254700,250276.5,210000,50387,1250
2016-11-15,Kootenay,CENTRAL KOOTENAY,33,32,4,2,1,,22,2,,1,,,,,,1,,8323305,252221.4,248000,98038.05,2800
2016-11-22,Kootenay,CENTRAL KOOTENAY,50,49,9,,,,35,3,,2,1,1,,,,,,11277163,225543.3,222850,153893.63,2457
2016-11-01,Kootenay,EAST KOOTENAY,50,44,2,1,,2,28,11,,,,,,,4,2,,12244505,244890.1,208500,166398.24,2170
2016-11-08,Kootenay,EAST KOOTENAY,43,40,11,,,4,16,8,,1,2,1,,1,1,,,10902086,253536.9,236000,150554.86,2720
2016-11-15,Kootenay,EAST KOOTENAY,45,40,4,1,1,,16,17,,1,2,2,,,2,1,,28366271,630361.6,240400,655965.71,2808
2016-11-22,Kootenay,EAST KOOTENAY,84,64,5,1,2,,39,16,,1,15,14,,1,1,1,3,31538145,375454.1,252500,537499.29,3050
2016-11-01,Kootenay,KOOTENAY BOUNDARY,19,19,1,,,,15,3,,,,,,,,,,3137500,165131.6,140000,37415,1400
2016-11-08,Kootenay,KOOTENAY BOUNDARY,13,12,,,,,11,,,1,1,1,,,,,,2011121,154701.6,70000,28860.21,700
2016-11-15,Kootenay,KOOTENAY BOUNDARY,16,16,4,1,1,,9,1,,,,,,,,,,3826900,239181.2,271000,50594,3420
2016-11-22,Kootenay,KOOTENAY BOUNDARY,26,25,1,,,,20,4,,,1,,,1,,,,3482000,133923.1,122000,38669.99,1220
2016-11-01,Mainland/Southwest,FRASER VALLEY,158,152,8,3,4,1,57,46,,33,4,2,2,,,1,1,66364917,420031.1,373450,903348.33,4420
2016-11-08,Mainland/Southwest,FRASER VALLEY,103,103,2,,1,,48,39,1,12,,,,,,,,48089514,466888.5,378000,709805.81,4760
2016-11-15,Mainland/Southwest,FRASER VALLEY,173,165,5,,5,1,79,58,1,16,3,,,3,4,1,,87181175,503937.4,390000,1396666.81,4600
2016-11-22,Mainland/Southwest,FRASER VALLEY,436,429,18,2,4,4,193,118,6,84,5,5,,,2,,,206699411,474081.2,401400,3273803.11,5499
2016-11-01,Mainland/Southwest,METRO VANCOUVER,1023,1004,10,3,2,9,262,367,15,336,17,6,10,1,1,,1,879992160,860207.4,500840,20181415.43,7500
2016-11-08,Mainland/Southwest,METRO VANCOUVER,866,853,7,,2,3,160,264,3,414,13,3,4,6,,,,625611490,722415.1,497178.9,14139823.05,6800
2016-11-15,Mainland/Southwest,METRO VANCOUVER,954,928,7,9,2,9,299,518,8,76,23,5,15,3,,,3,920013567,964374.8,624491.2,22459806.23,10389
2016-11-22,Mainland/Southwest,METRO VANCOUVER,2277,2228,20,4,5,17,637,1065,8,472,46,19,17,10,,2,1,2134142303,937260.6,562000,52526410.56,9200
2016-11-01,Mainland/Southwest,SQUAMISH-LILLOOET,51,38,5,,,,9,15,7,2,10,,8,2,3,,,38104215,747141.5,467100,680577.83,7342
2016-11-08,Mainland/Southwest,SQUAMISH-LILLOOET,32,29,1,,,,11,12,3,2,,,,,3,,,19936045,623001.4,475000,361953.94,7500
2016-11-15,Mainland/Southwest,SQUAMISH-LILLOOET,61,54,,1,,,17,28,7,1,4,2,,2,3,,,47693615,781862.5,575000,872084.41,9500
2016-11-22,Mainland/Southwest,SQUAMISH-LILLOOET,103,98,5,1,2,,30,35,5,20,,,,,5,,,85360857,828746.2,492500,1610601.25,7850
2016-11-01,Mainland/Southwest,SUNSHINE COAST,17,17,1,1,,,8,5,,2,,,,,,,,8165500,480323.5,415000,131860,6300
2016-11-08,Mainland/Southwest,SUNSHINE COAST,18,16,,,,,10,4,,2,,,,,2,,,9255905,514216.9,462700,147795.38,7254
2016-11-15,Mainland/Southwest,SUNSHINE COAST,13,12,1,,1,,8,1,,1,,,,,,,1,6551088,503929.9,411688.5,105021.77,6233.77
2016-11-22,Mainland/Southwest,SUNSHINE COAST,29,28,4,,,,18,4,,2,1,,,1,,,,14603306,503562.3,452381,216303.75,6134
2016-11-01,Nechako & North Coast,BULKLEY-NECHAKO,21,20,6,,,,13,1,,,,,,,,1,,2708640,128982.8,78000,28958.76,700
2016-11-08,Nechako & North Coast,BULKLEY-NECHAKO,12,12,3,,,,7,,,2,,,,,,,,2036100,169675,130908.7,24597.82,1309.085
2016-11-15,Nechako & North Coast,BULKLEY-NECHAKO,10,7,2,1,,,4,,,,2,1,,1,,1,,2810875,281087.5,161625,42685,1616.25
2016-11-22,Nechako & North Coast,BULKLEY-NECHAKO,24,23,11,,,,9,1,,2,,,,,,,1,4695170,195632.1,187163.9,60581.7,1871.64
2016-11-01,Nechako & North Coast,KITIMAT-STIKINE-NORTH COAST,18,18,3,,,,15,,,,,,,,,,,3493160,194064.4,206500,39713.78,1777.5
2016-11-08,Nechako & North Coast,KITIMAT-STIKINE-NORTH COAST,23,22,7,1,,,14,,,,,,,,1,,,3959400,172147.8,143000,47129,1430
2016-11-15,Nechako & North Coast,KITIMAT-STIKINE-NORTH COAST,14,14,,,,,11,3,,,,,,,,,,2130485,152177.5,102500,27363.85,1025
2016-11-22,Nechako & North Coast,KITIMAT-STIKINE-NORTH COAST,32,31,,,,,29,2,,,1,1,,,,,,6260300,195634.4,174750,80163,1747.5
2016-11-01,Northeast,NORTHERN ROCKIES-PEACE RIVER,32,28,4,,1,,19,2,,2,1,1,,,,3,,10184080,318252.5,289900,138329.85,2357.5
2016-11-08,Northeast,NORTHERN ROCKIES-PEACE RIVER,27,22,3,,,,15,4,,,1,,,1,,4,,7166316,265419.1,225000,105737.7,2500
2016-11-15,Northeast,NORTHERN ROCKIES-PEACE RIVER,34,20,2,,,,18,,,,6,6,,,,8,,15060532,442956.8,239950,274378.01,2380.25
2016-11-22,Northeast,NORTHERN ROCKIES-PEACE RIVER,41,38,6,,,,24,3,,5,2,2,,,,1,,11204213,273273.5,229900,161663.27,2598
2016-11-01,Thompson/Okanagan,CENTRAL OKANAGAN,150,143,8,,2,,69,42,3,19,5,2,1,2,2,,,78937691,526251.3,434250,1254397.57,5784
2016-11-08,Thompson/Okanagan,CENTRAL OKANAGAN,91,89,2,,,1,37,33,1,15,1,,1,,1,,,41646329,457652,370000,662109.89,4998
2016-11-15,Thompson/Okanagan,CENTRAL OKANAGAN,184,178,5,,2,1,76,47,1,46,2,1,1,,1,2,1,94958490,516078.8,346250,1623102.85,4812.5
2016-11-22,Thompson/Okanagan,CENTRAL OKANAGAN,255,242,9,2,1,1,122,85,,22,11,2,4,5,1,1,,129872216,509302.8,450000,1960310.12,6400
2016-11-01,Thompson/Okanagan,COLUMBIA SHUSWAP,38,37,3,2,,,20,9,,3,1,1,,,,,,11026199,290163.1,266000,153283.98,3320
2016-11-08,Thompson/Okanagan,COLUMBIA SHUSWAP,30,27,1,,3,,16,5,,2,,,,,,3,,10219496,340649.9,333000,142873.67,4600
2016-11-15,Thompson/Okanagan,COLUMBIA SHUSWAP,41,40,3,,,,29,4,,4,,,,,1,,,13487760,328969.8,323000,187076.55,4400
2016-11-22,Thompson/Okanagan,COLUMBIA SHUSWAP,47,45,5,1,1,1,28,5,,4,2,1,,1,,,,14091202,299812.8,283000,187330.5,3500
2016-11-01,Thompson/Okanagan,NORTH OKANAGAN,66,62,5,1,1,,40,10,,5,2,1,,1,2,,,35222617,533676,367250,610857.84,5010
2016-11-08,Thompson/Okanagan,NORTH OKANAGAN,38,36,6,,2,,17,9,,2,1,,,1,,1,,16291609,428726.5,359950,242870.37,4580
2016-11-15,Thompson/Okanagan,NORTH OKANAGAN,75,69,2,1,1,,43,16,2,4,3,,3,,2,1,,22212204,296162.7,290000,294150.05,3440
2016-11-22,Thompson/Okanagan,NORTH OKANAGAN,123,115,14,,4,,70,23,,4,,,,,3,4,1,49384029,401496.2,336000,749511.66,4500
2016-11-01,Thompson/Okanagan,OKANAGAN-SIMILKAMEEN,58,51,4,,1,1,25,15,,5,,,,,5,1,1,17158174,295830.6,241201.5,218133.35,2469
2016-11-08,Thompson/Okanagan,OKANAGAN-SIMILKAMEEN,41,33,3,,1,1,15,12,,1,,,,,5,3,,14608796,356312.1,285000,208260.34,3600
2016-11-15,Thompson/Okanagan,OKANAGAN-SIMILKAMEEN,66,62,4,2,,2,34,16,1,3,1,1,,,2,1,,23492773,355951.1,299255.8,336497.57,3650
2016-11-22,Thompson/Okanagan,OKANAGAN-SIMILKAMEEN,132,119,19,1,2,1,55,28,1,12,8,7,,1,4,1,,51213458,387980.7,290348.8,803157.32,3170
2016-11-01,Thompson/Okanagan,THOMPSON-NICOLA,63,59,7,,2,,45,4,,1,3,2,1,,,,1,27900725,442868.7,332000,465538.7,4600
2016-11-08,Thompson/Okanagan,THOMPSON-NICOLA,68,64,10,1,1,,40,7,2,3,2,2,,,1,1,,22672867,333424.5,340000,291510.43,4360
2016-11-15,Thompson/Okanagan,THOMPSON-NICOLA,77,71,5,,2,,53,8,1,2,5,5,,,1,,,27396188,355794.6,335000,355742,3900
2016-11-22,Thompson/Okanagan,THOMPSON-NICOLA,114,98,10,,,,66,18,1,3,6,1,5,,2,7,1,40457503,354890.4,314200,549418.72,4040
2016-11-01,Unknown/Rural,RURAL-UNKNOWN,79,64,15,3,3,,36,4,1,2,1,1,,,8,3,3,27829152,352267.8,300000,425729.09,3880
2016-11-08,Unknown/Rural,RURAL-UNKNOWN,59,51,10,,2,,32,3,1,3,2,2,,,4,2,,20217851,342675.4,270000,336935.51,3400
2016-11-15,Unknown/Rural,RURAL-UNKNOWN,80,70,21,1,2,,39,5,,2,2,2,,,5,2,1,27060585,338257.3,265000,419143.86,3000
2016-11-22,Unknown/Rural,RURAL-UNKNOWN,195,139,30,,2,,70,13,,24,29,,24,5,8,3,16,63640742,326362.8,250000,986577.23,2920
2016-11-01,Vancouver Island/Coast,ALBERNI-CLAYOQUOT,34,32,6,,,1,16,4,,5,2,2,,,,,,12943923,380703.6,278750,200844.23,3415
2016-11-08,Vancouver Island/Coast,ALBERNI-CLAYOQUOT,17,17,1,,1,1,9,1,4,,,,,,,,,4222650,248391.2,240000,52958,2800
2016-11-15,Vancouver Island/Coast,ALBERNI-CLAYOQUOT,27,25,4,,,,16,2,3,,2,2,,,,,,6199770,229621.1,175000,77440.58,1650
2016-11-22,Vancouver Island/Coast,ALBERNI-CLAYOQUOT,41,40,4,,1,,31,2,,2,,,,,1,,,10126200,246980.5,215000,136071,2300
2016-11-01,Vancouver Island/Coast,CAPITAL,208,190,13,,1,5,85,61,2,23,18,,6,12,,,,120240762,578080.6,441250,2007412.48,6500
2016-11-08,Vancouver Island/Coast,CAPITAL,88,85,4,,,,43,27,,11,2,2,,,,,1,54887053,623716.5,483000,921066.36,7660
2016-11-15,Vancouver Island/Coast,CAPITAL,196,194,8,1,,3,107,70,1,4,2,,2,,,,,109269742,557498.7,499900,1741139.42,7600
2016-11-22,Vancouver Island/Coast,CAPITAL,387,379,9,5,2,9,196,121,8,29,7,4,2,1,,,1,257571537,665559.5,525000,4460739.1,8000
2016-11-01,Vancouver Island/Coast,COMOX VALLEY,39,39,3,,,,27,4,2,3,,,,,,,,14327877,367381.5,400000,197097.96,5160
2016-11-08,Vancouver Island/Coast,COMOX VALLEY,26,26,1,,,,20,4,,1,,,,,,,,8522657,327794.5,329500,119724.81,4590
2016-11-15,Vancouver Island/Coast,COMOX VALLEY,29,26,1,1,,,17,5,,2,,,,,1,,2,12645429,436049.3,288931,174476.2,2938
2016-11-22,Vancouver Island/Coast,COMOX VALLEY,78,75,6,1,,,43,18,,7,2,2,,,1,,,29541845,378741.6,350000,392096.14,4468
2016-11-01,Vancouver Island/Coast,COWICHAN VALLEY,40,38,1,2,,,27,6,,2,1,,1,,,,1,14116349,352908.7,335000,190097.17,4377.3
2016-11-08,Vancouver Island/Coast,COWICHAN VALLEY,26,25,4,,1,,18,1,,1,1,1,,,,,,9102350,350090.4,294950,130475,3899
2016-11-15,Vancouver Island/Coast,COWICHAN VALLEY,40,39,6,,,,21,11,,1,,,,,1,,,13911133,347778.3,334000,167849.65,3565
2016-11-22,Vancouver Island/Coast,COWICHAN VALLEY,53,51,5,,,1,38,6,,1,1,1,,,,1,,18165167,342739,350000,224975,4200
2016-11-01,Vancouver Island/Coast,NANAIMO,91,87,6,1,,1,54,17,1,7,3,3,,,1,,,35891744,394414.8,369900,536384.4,5198.01
2016-11-08,Vancouver Island/Coast,NANAIMO,64,62,5,,,,37,10,,10,1,1,,,,1,,29854079,466470,377450,451847.65,5020
2016-11-15,Vancouver Island/Coast,NANAIMO,113,107,3,2,,,77,16,1,8,2,1,1,,3,,1,50034344,442781.8,362500,743142.25,4700
2016-11-22,Vancouver Island/Coast,NANAIMO,193,191,11,3,,2,116,35,1,23,2,,1,1,,,,84241458,436484.2,365000,1258627.09,4920
2016-11-01,Vancouver Island/Coast,POWELL RIVER-MOUNT WADDINGTON,12,12,1,,,,9,1,,1,,,,,,,,3594800,299566.7,263500,46294,2770
2016-11-08,Vancouver Island/Coast,POWELL RIVER-MOUNT WADDINGTON,10,10,1,,,,7,2,,,,,,,,,,1581950,158195,131250,19149.5,1312.5
2016-11-15,Vancouver Island/Coast,POWELL RIVER-MOUNT WADDINGTON,11,11,2,1,,,7,1,,,,,,,,,,3864100,351281.8,200000,60581,2000
2016-11-22,Vancouver Island/Coast,POWELL RIVER-MOUNT WADDINGTON,24,23,1,,,1,20,1,,,1,1,,,,,,13001047,541710.3,391950,224981.94,5750
2016-11-01,Vancouver Island/Coast,STRATHCONA,34,34,,2,,2,23,5,,2,,,,,,,,9718375,285834.6,250000,120642.75,2200
2016-11-08,Vancouver Island/Coast,STRATHCONA,18,15,,1,,,12,1,,1,3,3,,,,,,8986320,499240,336250,155406.4,4725
2016-11-15,Vancouver Island/Coast,STRATHCONA,17,17,,1,,,14,2,,,,,,,,,,5649305,332312.1,329900,55632.1,3800
2016-11-22,Vancouver Island/Coast,STRATHCONA,55,54,3,,,1,38,7,,5,1,1,,,,,,18365400,333916.4,286900,255861.5,3598
2016-12-01,Cariboo,CARIBOO,28,28,8,,,,15,5,,,,,,,,,,4737482.8,169195.8,170500,47247.08,1537.5
2016-12-08,Cariboo,CARIBOO,24,23,7,,2,,14,,,,1,1,,,,,,4223146,175964.4,130000,55851.46,1300
2016-12-15,Cariboo,CARIBOO,40,39,16,,,,19,1,,3,1,1,,,,,,6865025,171625.6,155595.2,79025.75,1462.94
2016-12-22,Cariboo,CARIBOO,9,8,2,,,,6,,,,1,1,,,,,,1693550,188172.2,173500,19185.5,1735
2016-12-01,Cariboo,FRASER-FORT GEORGE,32,30,5,,,,20,5,,,1,1,,,,1,,8868185.8,277130.8,243500,113549.76,2770
2016-12-08,Cariboo,FRASER-FORT GEORGE,38,36,7,1,,,27,,,1,1,1,,,,1,,9505396.4,250142,240000,127712.25,2800
2016-12-15,Cariboo,FRASER-FORT GEORGE,59,54,14,,,,33,6,,1,4,3,,1,1,,,15798433.8,267770.1,239900,186379.66,1940
2016-12-22,Cariboo,FRASER-FORT GEORGE,23,20,2,1,,1,15,,,1,3,1,,2,,,,6552361.2,284885.3,200700,96718.22,2014
2016-12-01,Kootenay,CENTRAL KOOTENAY,36,34,7,,,,27,,,,1,1,,,1,,,8845704,245714,251250,119537.04,3025
2016-12-08,Kootenay,CENTRAL KOOTENAY,22,22,8,1,,,12,1,,,,,,,,,,4785110,217505,215000,63636.6,2300
2016-12-15,Kootenay,CENTRAL KOOTENAY,47,44,8,1,,,35,,,,3,2,,1,,,,11868405.7,252519.3,225000,164154.06,2500
2016-12-22,Kootenay,CENTRAL KOOTENAY,26,24,1,4,,,13,2,,4,1,1,,,,,1,6187731,237989.7,224250,75289,1835
2016-12-01,Kootenay,EAST KOOTENAY,33,30,1,,,,20,9,,,,,,,2,1,,8434868.4,255602.1,226000,111797.74,2380
2016-12-08,Kootenay,EAST KOOTENAY,21,19,1,,,1,13,4,,,2,1,,1,,,,6539659,311412.3,250000,98441.59,3000
2016-12-15,Kootenay,EAST KOOTENAY,57,53,7,3,,1,29,12,1,,2,1,,1,2,,,14364641.8,252011.3,216500,195351.42,2330
2016-12-22,Kootenay,EAST KOOTENAY,23,20,2,,,,11,6,,1,1,1,,,1,1,,6919288.2,300838.6,235000,94310.88,2500
2016-12-01,Kootenay,KOOTENAY BOUNDARY,10,10,1,,,,8,1,,,,,,,,,,1520000,152000,138750,17325,1387.5
2016-12-08,Kootenay,KOOTENAY BOUNDARY,12,12,2,,,,10,,,,,,,,,,,2686700,223891.7,215000,34067,2300
2016-12-15,Kootenay,KOOTENAY BOUNDARY,17,16,1,,,1,11,2,,1,,,,,1,,,3966090.5,233299.4,229000,87221.81,2580
2016-12-22,Kootenay,KOOTENAY BOUNDARY,8,8,,,1,1,4,2,,,,,,,,,,3382608,422826,235000,53237.16,2700
2016-12-01,Mainland/Southwest,FRASER VALLEY,199,193,4,2,4,,84,96,,3,5,3,2,,,,1,76530999.8,384577.9,299900,996432.32,3320
2016-12-08,Mainland/Southwest,FRASER VALLEY,145,137,4,1,2,,66,55,8,1,4,3,,1,1,2,1,68487040.5,472324.4,375000,1067238.34,4600
2016-12-15,Mainland/Southwest,FRASER VALLEY,211,199,5,1,3,1,117,51,9,12,6,3,1,2,1,3,2,114745474.1,543817.4,409900,1867477.31,4800
2016-12-22,Mainland/Southwest,FRASER VALLEY,92,88,1,1,6,,33,34,,13,1,1,,,,3,,46132482.5,501440,348351.2,739830.13,4400
2016-12-01,Mainland/Southwest,METRO VANCOUVER,863,824,11,3,2,11,289,477,10,21,39,16,21,2,,,,789506208.1,914839.2,575000,17348511.22,9200
2016-12-08,Mainland/Southwest,METRO VANCOUVER,932,909,5,,4,13,244,548,39,56,21,9,7,5,,2,,780973656.6,837954.6,504750.4,16689270.07,7455
2016-12-15,Mainland/Southwest,METRO VANCOUVER,1847,1785,16,5,4,9,368,636,12,735,53,24,22,7,,2,7,1963172803,1062898.1,446900,49222245.92,5760
2016-12-22,Mainland/Southwest,METRO VANCOUVER,723,698,6,7,3,5,174,293,11,199,21,7,12,2,2,,2,583053586.9,806436.5,539000,14149633.64,7820
2016-12-01,Mainland/Southwest,SQUAMISH-LILLOOET,44,42,1,1,,3,5,24,6,2,,,,,1,1,,27583938.1,626907.7,461000,485102.33,7220
2016-12-08,Mainland/Southwest,SQUAMISH-LILLOOET,36,34,1,,,1,10,16,6,,1,,,1,1,,,17048675.6,473574.3,339500,267250.88,4773.655
2016-12-15,Mainland/Southwest,SQUAMISH-LILLOOET,59,53,3,,,1,16,25,8,,2,,2,,4,,,38081852.9,645455.1,430000,673479.78,6380
2016-12-22,Mainland/Southwest,SQUAMISH-LILLOOET,40,34,1,,,,4,18,9,2,,,,,6,,,14956831.1,373920.8,328301.5,210546.88,1613.335
2016-12-01,Mainland/Southwest,SUNSHINE COAST,12,9,1,,,,6,2,,,2,1,1,,1,,,5007200,417266.7,411250,68614,6065
2016-12-08,Mainland/Southwest,SUNSHINE COAST,16,15,4,,,,8,3,,,1,1,,,,,,8171518.1,510719.9,368750,120530,3725
2016-12-15,Mainland/Southwest,SUNSHINE COAST,30,30,2,,,,22,4,,2,,,,,,,,12852436.8,428414.6,337025.2,168437,3540
2016-12-22,Mainland/Southwest,SUNSHINE COAST,8,7,,,,,4,2,,1,,,,,,,1,3183400,397925,415000,40205,2737.5
2016-12-01,Nechako & North Coast,BULKLEY-NECHAKO,20,18,3,1,,,12,2,,,1,1,,,,1,,3068356.5,153417.8,95000,39811.57,950
2016-12-08,Nechako & North Coast,BULKLEY-NECHAKO,14,10,3,,,,5,1,,1,2,2,,,1,1,,2671612,190829.4,189500,34636.12,1895
2016-12-15,Nechako & North Coast,BULKLEY-NECHAKO,20,16,4,,,,9,2,1,,,,,,2,2,,2968245.7,148412.3,139000,27777.44,1365
2016-12-22,Nechako & North Coast,BULKLEY-NECHAKO,5,5,2,,,1,2,,,,,,,,,,,660995.2,132199,129700,7079.95,1297
2016-12-01,Nechako & North Coast,KITIMAT-STIKINE-NORTH COAST,11,10,1,,,,8,1,,,1,1,,,,,,2205914.2,200537.7,141000,23590,1230
2016-12-08,Nechako & North Coast,KITIMAT-STIKINE-NORTH COAST,9,8,,,,,8,,,,,,,,,,1,2176619,241846.6,232000,22580,2300
2016-12-15,Nechako & North Coast,KITIMAT-STIKINE-NORTH COAST,28,21,2,4,,,13,2,,,2,2,,,,,5,3528642.4,126022.9,87700,42517.27,877
2016-12-22,Nechako & North Coast,KITIMAT-STIKINE-NORTH COAST,8,7,,,,,6,1,,,1,1,,,,,,1727450,215931.2,185000,22096.5,1850
2016-12-01,Northeast,NORTHERN ROCKIES-PEACE RIVER,42,26,5,,1,,17,3,,,6,6,,,,10,,9167411.6,218271.7,130000,116923.83,1300
2016-12-08,Northeast,NORTHERN ROCKIES-PEACE RIVER,32,16,5,,,,11,,,,12,12,,,,4,,8847678.7,276490,166687.5,135905.54,1666.875
2016-12-15,Northeast,NORTHERN ROCKIES-PEACE RIVER,39,20,6,,,,13,,1,,1,1,,,,18,,9778708.7,250736.1,200000,125877.06,2000
2016-12-22,Northeast,NORTHERN ROCKIES-PEACE RIVER,5,5,,,,,5,,,,,,,,,,,1173000,234600,215000,16070,2300
2016-12-01,Thompson/Okanagan,CENTRAL OKANAGAN,111,109,3,,,1,66,37,,2,2,2,,,,,,68140424.5,613877.7,470000,1155424.55,6400
2016-12-08,Thompson/Okanagan,CENTRAL OKANAGAN,180,171,3,,1,,60,102,2,3,4,3,,1,,5,,77957950.1,433099.7,349900,1145690.06,4799
2016-12-15,Thompson/Okanagan,CENTRAL OKANAGAN,146,146,4,2,3,2,91,35,,9,,,,,,,,91799554.4,628764.1,447000,1587138.16,5999
2016-12-22,Thompson/Okanagan,CENTRAL OKANAGAN,92,91,1,1,,,50,25,,14,1,1,,,,,,56475887.6,613868.3,388550,988250.52,4899
2016-12-01,Thompson/Okanagan,COLUMBIA SHUSWAP,24,21,,1,1,,14,4,,1,1,1,,,2,,,11372685.7,473861.9,354700,192698,4645
2016-12-08,Thompson/Okanagan,COLUMBIA SHUSWAP,18,16,6,,,,7,2,,1,1,,,1,1,,,7211261.9,400625.7,310000,106540,2750
2016-12-15,Thompson/Okanagan,COLUMBIA SHUSWAP,31,26,4,,,,17,2,,3,2,2,,,1,,2,7607718.2,245410.3,135000,104020.59,1210.27
2016-12-22,Thompson/Okanagan,COLUMBIA SHUSWAP,11,11,1,,,,7,1,,2,,,,,,,,2738000,248909.1,253000,35660,3060
2016-12-01,Thompson/Okanagan,NORTH OKANAGAN,55,52,6,1,3,,33,9,,,3,1,,2,,,,21827014,396854.8,377900,328406.28,5540
2016-12-08,Thompson/Okanagan,NORTH OKANAGAN,50,48,8,,,1,32,7,,,1,1,,,1,,,22304452.2,446089,357750,349668.47,4500
2016-12-15,Thompson/Okanagan,NORTH OKANAGAN,57,53,3,2,2,,37,5,1,3,3,2,,1,,,1,20319645,356485,285000,262189,3400
2016-12-22,Thompson/Okanagan,NORTH OKANAGAN,41,35,4,,1,,23,6,,1,5,3,1,1,,1,,17207611.9,419697.9,335000,262814.94,4400
2016-12-01,Thompson/Okanagan,OKANAGAN-SIMILKAMEEN,70,61,1,1,2,1,30,22,4,,4,2,,2,3,1,1,24445009.8,349214.4,272500,357576.89,3300
2016-12-08,Thompson/Okanagan,OKANAGAN-SIMILKAMEEN,51,47,3,,,,36,8,,,1,,,1,2,1,,14890199.6,291964.7,205000,203874.45,2100
2016-12-15,Thompson/Okanagan,OKANAGAN-SIMILKAMEEN,79,75,13,1,,,38,20,2,1,1,,,1,1,2,,26833887.4,339669.5,296511.6,348979.6,3440
2016-12-22,Thompson/Okanagan,OKANAGAN-SIMILKAMEEN,39,39,3,,1,,18,16,,1,,,,,,,,13801518.8,353885.1,315000,170454.41,3350
2016-12-01,Thompson/Okanagan,THOMPSON-NICOLA,65,59,6,4,1,,38,9,1,,2,1,,1,4,,,20983982.3,322830.5,324000,297921.18,4300
2016-12-08,Thompson/Okanagan,THOMPSON-NICOLA,57,54,5,1,1,,41,4,1,1,3,1,1,1,,,,20221941.9,354770.9,347500,254886.42,4480
2016-12-15,Thompson/Okanagan,THOMPSON-NICOLA,90,88,6,1,1,,60,17,3,,2,,1,1,,,,29380327,326448.1,305000,381907.54,3680
2016-12-22,Thompson/Okanagan,THOMPSON-NICOLA,45,42,4,,3,,27,7,,1,3,2,1,,,,,17242184.4,383159.7,260000,274707.69,3200
2016-12-01,Unknown/Rural,RURAL-UNKNOWN,100,90,17,4,2,,62,4,,1,3,2,,1,5,2,,28089101.9,280891,213250,417209.48,1590
2016-12-08,Unknown/Rural,RURAL-UNKNOWN,77,64,18,1,2,,35,,,8,2,2,,,7,3,1,25038833.5,325179.7,215000,395270.66,2300
2016-12-15,Unknown/Rural,RURAL-UNKNOWN,106,92,24,1,1,,47,6,,13,2,,,2,5,7,,35081844,330960.8,263500,531055.82,3100
2016-12-22,Unknown/Rural,RURAL-UNKNOWN,61,46,10,2,,,18,3,,13,8,1,,7,3,2,2,19963115.1,327264.2,260000,305387.76,3200
2016-12-01,Vancouver Island/Coast,ALBERNI-CLAYOQUOT,19,18,3,1,,,13,,,1,1,1,,,,,,7990831,420570.1,255000,138221.31,3100
2016-12-08,Vancouver Island/Coast,ALBERNI-CLAYOQUOT,21,21,3,1,,,11,1,5,,,,,,,,,5010400,238590.5,185000,67172,1850
2016-12-15,Vancouver Island/Coast,ALBERNI-CLAYOQUOT,21,21,2,,,,18,1,,,,,,,,,,5573113,265386.3,199000,77680.13,1990
2016-12-22,Vancouver Island/Coast,ALBERNI-CLAYOQUOT,13,13,1,,,,10,1,1,,,,,,,,,3457762,265981.7,220000,49615.24,2400
2016-12-01,Vancouver Island/Coast,CAPITAL,179,167,5,3,,1,89,66,2,1,11,3,3,5,,1,,164171151.3,917157.3,530000,3407531.73,8000
2016-12-08,Vancouver Island/Coast,CAPITAL,186,173,3,1,,,48,78,,43,13,7,1,5,,,,82385862.1,442934.7,322950,1301822.63,3320
2016-12-15,Vancouver Island/Coast,CAPITAL,272,252,9,2,,2,122,71,1,45,19,3,16,,,,1,148296990.8,545209.5,501350,2278065.65,7610
2016-12-22,Vancouver Island/Coast,CAPITAL,153,143,4,,,2,79,49,4,5,8,3,3,2,,1,1,97366761,636384.1,495238.1,1680995.06,7150
2016-12-01,Vancouver Island/Coast,COMOX VALLEY,52,51,5,,,,26,13,7,,,,,,1,,,17478267,336120.5,350290,217180.21,3579
2016-12-08,Vancouver Island/Coast,COMOX VALLEY,25,24,3,,,,15,4,,2,,,,,1,,,9418365.6,376734.6,381266,100808,4298
2016-12-15,Vancouver Island/Coast,COMOX VALLEY,58,54,4,1,1,,34,12,2,,3,2,,1,1,,,23239111.7,400674.3,357093.3,313757.25,4700
2016-12-22,Vancouver Island/Coast,COMOX VALLEY,31,27,1,,,,18,7,1,,3,1,,2,1,,,25139020,810936.1,255000,566736.4,3100
2016-12-01,Vancouver Island/Coast,COWICHAN VALLEY,37,37,2,1,,,22,11,,1,,,,,,,,11415733.3,308533.3,255000,155912.02,3100
2016-12-08,Vancouver Island/Coast,COWICHAN VALLEY,19,19,,1,,,14,3,,1,,,,,,,,5700440.4,300023.2,250000,68754.99,2700
2016-12-15,Vancouver Island/Coast,COWICHAN VALLEY,35,34,1,,,,27,6,,,1,1,,,,,,10984800.2,313851.4,292000,153982.98,3840
2016-12-22,Vancouver Island/Coast,COWICHAN VALLEY,18,18,3,,,1,8,3,3,,,,,,,,,3981800,221211.1,239950,51411,2849
2016-12-01,Vancouver Island/Coast,NANAIMO,101,101,4,1,,1,64,27,3,1,,,,,,,,39155720.6,387680.4,389000,508101.91,4900
2016-12-08,Vancouver Island/Coast,NANAIMO,58,54,4,1,,,30,17,2,,2,1,1,,2,,,21471712.2,370201.9,350000,309731.52,4500
2016-12-15,Vancouver Island/Coast,NANAIMO,112,102,4,,,2,62,16,2,16,8,4,3,1,1,,1,45340193.9,404823.2,350000,670189.57,4715
2016-12-22,Vancouver Island/Coast,NANAIMO,49,47,3,,1,,27,11,1,4,,,,,2,,,15002453.1,306172.5,273000,188840.71,3280
2016-12-01,Vancouver Island/Coast,POWELL RIVER-MOUNT WADDINGTON,15,15,3,,,1,9,2,,,,,,,,,,3949366.7,263291.1,240000,56283.33,2800
2016-12-08,Vancouver Island/Coast,POWELL RIVER-MOUNT WADDINGTON,9,9,1,,,,8,,,,,,,,,,,1664000,184888.9,170000,19030,1700
2016-12-15,Vancouver Island/Coast,POWELL RIVER-MOUNT WADDINGTON,23,22,4,,1,,15,2,,,1,,,1,,,,6163250,267967.4,205000,87471.5,2100
2016-12-22,Vancouver Island/Coast,POWELL RIVER-MOUNT WADDINGTON,9,7,1,1,,1,4,,,,2,2,,,,,,4823112.4,535901.4,335000,72100,4500
2016-12-01,Vancouver Island/Coast,STRATHCONA,30,28,,,,,23,4,,1,1,1,,,,1,,9311100,310370,260250,127794,2985
2016-12-08,Vancouver Island/Coast,STRATHCONA,24,24,1,,,,22,1,,,,,,,,,,7838935.3,326622.3,301500,109222.85,3805
2016-12-15,Vancouver Island/Coast,STRATHCONA,36,34,1,1,,1,26,5,,,2,1,,1,,,,17072053.2,474223.7,320500,297435.02,3635.01
2016-12-22,Vancouver Island/Coast,STRATHCONA,20,17,,,,,11,4,,2,,,,,,,3,4321532.5,216076.6,156000,56975.33,1450
